airplaneType,airFlightNum,originAirport,destinationAirport,curNumPassenger,scheduledTakeoffTime,scheduledDepartingTime,scheduledArrivingTime
Airbus 380,UA10000,LAX,KMIA,522,38400,38460,51840
Boeing 747,UA10001,LAX,CLE,242,33540,33600,45900
Airbus 330,UA10002,LAX,KBOS,271,25200,25260,42960
Boeing 747,UA10003,LAX,KPHX,261,40620,40680,43200
Airbus 380,UA10004,LAX,SFO,591,36540,36600,38820
Boeing 747,UA10005,LAX,KMSP,259,37200,37260,46560
Airbus 330,UA10006,LAX,ORD,312,37980,38040,49980
Airbus 380,UA10007,LAX,KCLT,544,23040,23100,35280
Boeing 747,UA10008,LAX,SFO,223,42720,42780,45060
Airbus 380,UA10009,LAX,KDTW,543,26160,26220,37560
Airbus 330,UA10010,LAX,KSAV,299,23640,23700,38340
Airbus 380,UA10011,LAX,DEN,598,39360,39420,44520
Airbus 330,UA10012,LAX,ORD,333,38280,38340,50280
Boeing 747,UA10013,LAX,KSEA,268,33360,33420,39360
Airbus 330,UA10014,LAX,KCLT,285,32520,32580,47040
Airbus 330,UA10015,LAX,KPHL,298,33660,33720,50040
Airbus 380,UA10016,LAX,MCI,637,22740,22800,30720
Airbus 330,UA10017,LAX,ORD,290,37740,37800,49740
Airbus 380,UA10018,LAX,KMIA,527,27300,27360,40740
Airbus 380,UA10019,LAX,SFO,529,41940,42000,44220
Airbus 380,UA10020,LAX,KPHX,569,23880,23940,26340
Boeing 747,UA10021,LAX,JFK,247,34020,34080,48900
Airbus 380,UA10022,LAX,DEN,610,23820,23880,28980
Airbus 380,UA10023,LAX,KPHX,531,23520,23580,25980
Airbus 330,UA10024,LAX,KMIA,271,36120,36180,52080
Airbus 380,UA10025,LAX,KSLC,602,36660,36720,40320
Boeing 747,UA10026,LAX,ORD,265,43140,43200,53760
Airbus 380,UA10027,LAX,LIT,643,39180,39240,47880
Boeing 747,UA10028,LAX,MEM,240,21660,21720,31500
Airbus 330,UA10029,LAX,KMSY,296,21600,21660,33120
Boeing 747,UA10030,LAX,CLE,229,33780,33840,46140
Airbus 330,UA10031,LAX,KPHL,301,25080,25140,41460
Airbus 330,UA10032,LAX,KSTL,283,32940,33000,43920
Airbus 380,UA10033,LAX,MCI,574,22740,22800,30720
Airbus 380,UA10034,LAX,KSLC,552,39660,39720,43320
Boeing 747,UA10035,LAX,KSTL,232,38760,38820,48480
Airbus 380,UA10036,LAX,KPHX,646,27600,27660,30060
Airbus 380,UA10037,LAX,MEM,615,42360,42420,51780
Airbus 380,UA10038,LAX,KBOS,591,22500,22560,37440
Airbus 330,UA10039,LAX,KPHL,269,26700,26760,43080
Airbus 380,UA10040,LAX,DEN,619,41460,41520,46620
Airbus 330,UA10041,LAX,KCVG,291,27000,27060,40020
Airbus 330,UA10042,LAX,KSLC,280,23520,23580,27840
Airbus 330,UA10043,LAX,MCO,294,40440,40500,55560
Airbus 380,UA10044,LAX,KCLT,554,37620,37680,49860
Airbus 380,UA10045,LAX,KCLT,591,41340,41400,53580
Boeing 747,UA10046,LAX,KPHL,237,33300,33360,47700
Airbus 380,UA10047,LAX,KMSP,626,24240,24300,33180
Boeing 747,UA10048,LAX,KMCI,224,29340,29400,37680
Airbus 380,UA10049,LAX,MEM,563,36600,36660,46020
Airbus 330,UA10050,LAX,KPHL,305,39240,39300,55620
Airbus 330,UA10051,LAX,KPIT,315,40020,40080,54600
Boeing 747,UA10052,LAX,KSEA,272,24840,24900,30840
Boeing 747,UA10053,LAX,KSLC,223,36780,36840,40620
Airbus 380,UA10054,LAX,MCO,594,36120,36180,48840
Airbus 380,UA10055,LAX,KSTL,612,39840,39900,49080
Airbus 330,UA10056,LAX,KSEA,286,32880,32940,39660
Boeing 747,UA10057,LAX,KMSP,238,34080,34140,43440
Boeing 747,UA10058,LAX,KBOS,246,32940,33000,48600
Airbus 380,UA10059,LAX,KCVG,583,27180,27240,38160
Boeing 747,UA10060,LAX,KCVG,254,24840,24900,36360
Airbus 330,UA10061,LAX,KMCI,287,38460,38520,47940
Airbus 330,UA10062,LAX,KMCI,317,38640,38700,48120
Boeing 747,UA10063,LAX,JFK,230,30720,30780,45600
Airbus 380,UA10064,LAX,MCO,535,40080,40140,52800
Boeing 747,UA10065,LAX,MEM,268,24960,25020,34800
Airbus 380,UA10066,LAX,KMSP,631,28380,28440,37320
Boeing 747,UA10067,LAX,KCVG,225,22500,22560,34020
Airbus 330,UA10068,LAX,CLE,276,33300,33360,47340
Airbus 380,UA10069,LAX,SFO,611,26820,26880,29100
Boeing 747,UA10070,LAX,MEM,263,29100,29160,38940
Boeing 747,UA10071,LAX,JFK,237,34200,34260,49080
Airbus 380,UA10072,LAX,CLE,576,39120,39180,50940
Airbus 330,UA10073,LAX,MCI,297,23760,23820,33240
Airbus 380,UA10074,LAX,KPIT,633,28560,28620,40860
Airbus 330,UA10075,LAX,DEN,330,34140,34200,40260
Airbus 330,UA10076,LAX,KNKX,275,35460,35520,36540
Airbus 330,UA10077,LAX,MEM,309,22920,22980,34080
Airbus 330,UA10078,LAX,MCI,279,25740,25800,35220
Airbus 380,UA10079,LAX,KSAV,528,25740,25800,38100
Airbus 330,UA10080,LAX,LIT,294,31680,31740,42000
Boeing 747,UA10081,LAX,KMSP,262,32280,32340,41640
Boeing 747,UA10082,LAX,MCO,246,40320,40380,53700
Boeing 747,UA10083,LAX,KSTL,248,23940,24000,33660
Airbus 380,UA10084,LAX,MCO,588,30660,30720,43380
Airbus 330,UA10085,LAX,KMSY,293,30900,30960,42420
Airbus 380,UA10086,LAX,KMSY,579,40920,40980,50580
Boeing 747,UA10087,LAX,KMSY,261,41580,41640,51720
Boeing 747,UA10088,LAX,KMCI,224,39480,39540,47820
Airbus 330,UA10089,LAX,LIT,318,29940,30000,40260
Boeing 747,UA10090,LAX,KMSY,264,26820,26880,36960
Airbus 330,UA10091,LAX,SFO,316,25380,25440,28020
Airbus 380,UA10092,LAX,KPIT,582,27480,27540,39780
Airbus 380,UA10093,LAX,KCVG,544,22440,22500,33420
Boeing 747,UA10094,LAX,ORD,235,36300,36360,46920
Airbus 330,UA10095,LAX,KMCI,321,35040,35100,44520
Boeing 747,UA10096,LAX,MCO,270,24060,24120,37440
Airbus 330,UA10097,LAX,MCO,330,23760,23820,38880
Airbus 380,UA10098,LAX,MEM,586,32220,32280,41640
Airbus 330,UA10099,LAX,KSLC,293,31800,31860,36120
Airbus 330,UA10100,ATL,KSAV,322,27240,27300,29040
Airbus 330,UA10101,ATL,KSTL,283,22200,22260,25800
Boeing 747,UA10102,ATL,KCLT,253,24720,24780,26460
Airbus 330,UA10103,ATL,MEM,290,24840,24900,27420
Boeing 747,UA10104,ATL,KPHL,260,30240,30300,34500
Airbus 330,UA10105,ATL,LAX,303,29580,29640,42900
Airbus 380,UA10106,ATL,KCLT,533,34080,34140,35760
Airbus 330,UA10107,ATL,LIT,301,30060,30120,33480
Airbus 380,UA10108,ATL,MCI,633,41100,41160,45360
Airbus 380,UA10109,ATL,SFO,533,43020,43080,55320
Airbus 380,UA10110,ATL,SFO,650,22740,22800,35040
Boeing 747,UA10111,ATL,LAX,268,35340,35400,47100
Airbus 330,UA10112,ATL,KCLT,303,27780,27840,29700
Boeing 747,UA10113,ATL,KMCI,244,23220,23280,27660
Airbus 330,UA10114,ATL,JFK,268,33840,33900,39300
Airbus 380,UA10115,ATL,DEN,527,29460,29520,36540
Boeing 747,UA10116,ATL,JFK,244,22140,22200,27000
Boeing 747,UA10117,ATL,SFO,240,33420,33480,46320
Airbus 380,UA10118,ATL,KSLC,620,30840,30900,40080
Airbus 380,UA10119,ATL,DEN,579,32160,32220,39240
Airbus 330,UA10120,ATL,KDTW,327,29460,29520,33840
Airbus 380,UA10121,ATL,MEM,557,35700,35760,37920
Airbus 380,UA10122,ATL,KSTL,528,37740,37800,40800
Airbus 330,UA10123,ATL,DEN,292,30960,31020,39300
Airbus 330,UA10124,ATL,CLE,298,31500,31560,35580
Airbus 330,UA10125,ATL,MEM,332,27180,27240,29760
Airbus 330,UA10126,ATL,KCVG,271,41700,41760,44580
Airbus 330,UA10127,ATL,MEM,319,36060,36120,38640
Airbus 330,UA10128,ATL,LIT,275,39660,39720,43080
Airbus 380,UA10129,ATL,KSEA,554,32700,32760,45240
Airbus 380,UA10130,ATL,KSLC,563,30180,30240,39420
Airbus 330,UA10131,ATL,KNKX,280,37200,37260,50160
Airbus 330,UA10132,ATL,LAX,324,33420,33480,46740
Boeing 747,UA10133,ATL,CLE,222,36120,36180,39780
Airbus 330,UA10134,ATL,DEN,285,37200,37260,45540
Airbus 380,UA10135,ATL,KSTL,636,28080,28140,31140
Airbus 380,UA10136,ATL,MCO,563,24000,24060,26640
Airbus 330,UA10137,ATL,KMCI,327,22020,22080,27000
Airbus 380,UA10138,ATL,KDTW,558,41460,41520,45180
Airbus 330,UA10139,ATL,MCI,278,42840,42900,47820
Boeing 747,UA10140,ATL,MEM,262,30480,30540,32820
Airbus 330,UA10141,ATL,CLE,288,30540,30600,34620
Airbus 330,UA10142,ATL,KPHX,322,29040,29100,39960
Boeing 747,UA10143,ATL,KMSP,273,26880,26940,32580
Airbus 380,UA10144,ATL,CLE,602,23460,23520,26940
Airbus 330,UA10145,ATL,MCO,283,33840,33900,36900
Boeing 747,UA10146,ATL,SFO,249,22980,23040,35880
Airbus 380,UA10147,ATL,KSLC,553,26520,26580,35760
Airbus 380,UA10148,ATL,KBOS,630,35340,35400,40980
Airbus 380,UA10149,ATL,KSAV,611,22560,22620,24120
Airbus 380,UA10150,ATL,MEM,570,23100,23160,25320
Boeing 747,UA10151,ATL,LAX,245,26220,26280,37980
Airbus 380,UA10152,ATL,KSEA,636,33900,33960,46440
Boeing 747,UA10153,ATL,SFO,220,22140,22200,35040
Airbus 330,UA10154,ATL,KBOS,294,36480,36540,43200
Boeing 747,UA10155,ATL,KBOS,251,31020,31080,36960
Airbus 330,UA10156,ATL,SFO,329,25080,25140,39720
Boeing 747,UA10157,ATL,KMSY,229,27960,28020,30840
Boeing 747,UA10158,ATL,KCVG,249,28500,28560,31080
Airbus 380,UA10159,ATL,KSTL,560,42120,42180,45180
Airbus 330,UA10160,ATL,LAX,297,32820,32880,46140
Boeing 747,UA10161,ATL,KSAV,228,31440,31500,33060
Boeing 747,UA10162,ATL,KMSP,266,42660,42720,48360
Airbus 330,UA10163,ATL,DEN,311,36720,36780,45060
Airbus 330,UA10164,ATL,KCVG,327,40800,40860,43680
Airbus 380,UA10165,ATL,LIT,525,26880,26940,29820
Airbus 330,UA10166,ATL,KMSY,320,26580,26640,29820
Airbus 330,UA10167,ATL,KNKX,322,26400,26460,39360
Airbus 380,UA10168,ATL,DEN,581,29820,29880,36900
Airbus 380,UA10169,ATL,LAX,533,38700,38760,49920
Airbus 330,UA10170,ATL,KCLT,289,31200,31260,33120
Airbus 380,UA10171,ATL,KCVG,641,34740,34800,37200
Airbus 330,UA10172,ATL,KSLC,278,27000,27060,37980
Airbus 330,UA10173,ATL,KSLC,307,24000,24060,34980
Airbus 330,UA10174,ATL,MCI,286,42600,42660,47580
Boeing 747,UA10175,ATL,KSEA,269,42120,42180,55260
Airbus 380,UA10176,ATL,SFO,598,34200,34260,46500
Airbus 380,UA10177,ATL,SFO,651,38400,38460,50700
Airbus 380,UA10178,ATL,KBOS,572,24240,24300,29880
Airbus 380,UA10179,ATL,JFK,556,29160,29220,33780
Airbus 330,UA10180,ATL,KMIA,329,26640,26700,31020
Airbus 380,UA10181,ATL,CLE,601,43080,43140,46560
Airbus 380,UA10182,ATL,DEN,545,33960,34020,41040
Airbus 330,UA10183,ATL,CLE,289,31680,31740,35760
Boeing 747,UA10184,ATL,KPHL,233,34980,35040,39240
Boeing 747,UA10185,ATL,DEN,225,22920,22980,30300
Airbus 380,UA10186,ATL,KMIA,600,42480,42540,46200
Airbus 330,UA10187,ATL,KMIA,327,36480,36540,40860
Airbus 330,UA10188,ATL,KMIA,268,24120,24180,28500
Airbus 330,UA10189,ATL,MCI,314,25260,25320,30240
Boeing 747,UA10190,ATL,MCO,268,23100,23160,25860
Boeing 747,UA10191,ATL,KCVG,263,30840,30900,33420
Airbus 380,UA10192,ATL,MEM,552,31620,31680,33840
Boeing 747,UA10193,ATL,KSAV,239,29760,29820,31380
Airbus 380,UA10194,ATL,KMCI,638,34200,34260,38460
Airbus 330,UA10195,ATL,KCLT,301,35400,35460,37320
Boeing 747,UA10196,ATL,ORD,259,23040,23100,27000
Airbus 330,UA10197,ATL,SFO,287,37740,37800,52380
Airbus 380,UA10198,ATL,KSAV,609,37260,37320,38820
Boeing 747,UA10199,ATL,KMSP,223,28800,28860,34500
Airbus 380,UA10200,ORD,KDTW,614,24840,24900,26520
Airbus 330,UA10201,ORD,MCI,279,32400,32460,35460
Boeing 747,UA10202,ORD,LAX,225,30240,30300,40860
Airbus 330,UA10203,ORD,KDTW,302,35160,35220,37140
Airbus 330,UA10204,ORD,MCO,285,25980,26040,33060
Boeing 747,UA10205,ORD,JFK,233,35820,35880,40560
Airbus 330,UA10206,ORD,KCLT,317,41040,41100,45420
Airbus 330,UA10207,ORD,KMCI,283,41520,41580,44580
Airbus 380,UA10208,ORD,KPHX,621,22080,22140,30480
Airbus 380,UA10209,ORD,KNKX,586,27960,28020,37920
Boeing 747,UA10210,ORD,KMSP,250,37260,37320,39600
Airbus 330,UA10211,ORD,KPHL,294,25620,25680,30540
Airbus 330,UA10212,ORD,CLE,271,41880,41940,44340
Airbus 380,UA10213,ORD,KPHX,624,33720,33780,42120
Airbus 330,UA10214,ORD,KPHX,303,24960,25020,34920
Airbus 380,UA10215,ORD,LIT,549,29340,29400,32820
Boeing 747,UA10216,ORD,KSTL,265,26580,26640,28500
Airbus 330,UA10217,ORD,KPHX,287,36780,36840,46740
Boeing 747,UA10218,ORD,KPIT,262,32520,32580,35340
Airbus 330,UA10219,ORD,KBOS,323,26940,27000,33120
Airbus 330,UA10220,ORD,LIT,297,23220,23280,27300
Airbus 330,UA10221,ORD,KBOS,283,32940,33000,39120
Airbus 330,UA10222,ORD,SFO,278,32400,32460,45060
Airbus 380,UA10223,ORD,SFO,612,27180,27240,37860
Airbus 380,UA10224,ORD,LAX,531,37560,37620,47640
Boeing 747,UA10225,ORD,KMSY,270,27960,28020,33240
Airbus 330,UA10226,ORD,MCI,320,25440,25500,28500
Airbus 380,UA10227,ORD,KSTL,651,25260,25320,27060
Boeing 747,UA10228,ORD,KPHL,226,29100,29160,33420
Boeing 747,UA10229,ORD,KBOS,238,29760,29820,35220
Boeing 747,UA10230,ORD,LAX,274,34800,34860,45420
Boeing 747,UA10231,ORD,LAX,239,24120,24180,34740
Boeing 747,UA10232,ORD,MEM,250,22860,22920,26100
Boeing 747,UA10233,ORD,MEM,236,32340,32400,35580
Airbus 330,UA10234,ORD,DEN,294,24600,24660,30900
Airbus 380,UA10235,ORD,MCI,551,40260,40320,42900
Airbus 330,UA10236,ORD,KSTL,282,38760,38820,40860
Airbus 330,UA10237,ORD,KMSP,318,33840,33900,36480
Airbus 330,UA10238,ORD,KNKX,269,26100,26160,37920
Airbus 330,UA10239,ORD,KDTW,313,22440,22500,24420
Airbus 330,UA10240,ORD,KPHL,331,35700,35760,40620
Airbus 330,UA10241,ORD,DEN,315,37200,37260,43500
Airbus 330,UA10242,ORD,KNKX,309,26820,26880,38640
Boeing 747,UA10243,ORD,MCI,223,28680,28740,31440
Boeing 747,UA10244,ORD,KMCI,268,32520,32580,35280
Boeing 747,UA10245,ORD,KMSP,252,42960,43020,45300
Airbus 330,UA10246,ORD,LAX,270,32040,32100,44040
Boeing 747,UA10247,ORD,KSLC,244,29760,29820,37440
Airbus 380,UA10248,ORD,KMSY,542,23280,23340,28320
Boeing 747,UA10249,ORD,KSLC,269,25980,26040,33660
Boeing 747,UA10250,ORD,JFK,237,24060,24120,28800
Boeing 747,UA10251,ORD,JFK,261,34800,34860,39540
Boeing 747,UA10252,ORD,KMIA,227,27000,27060,34440
Airbus 330,UA10253,ORD,KCLT,278,21720,21780,26100
Airbus 380,UA10254,ORD,JFK,589,42180,42240,46680
Boeing 747,UA10255,ORD,KPHL,251,33900,33960,38220
Boeing 747,UA10256,ORD,KDTW,230,36780,36840,38520
Airbus 380,UA10257,ORD,MEM,650,25500,25560,28620
Airbus 330,UA10258,ORD,LIT,276,22080,22140,26160
Airbus 380,UA10259,ORD,DEN,582,21780,21840,27120
Boeing 747,UA10260,ORD,KMCI,241,35280,35340,38040
Airbus 330,UA10261,ORD,KMSY,292,26040,26100,32040
Boeing 747,UA10262,ORD,KCLT,225,40020,40080,43920
Airbus 330,UA10263,ORD,KCVG,289,21600,21660,23760
Boeing 747,UA10264,ORD,KSEA,227,41700,41760,52140
Airbus 330,UA10265,ORD,KPHL,322,27060,27120,31980
Airbus 380,UA10266,ORD,KMSY,626,24300,24360,29340
Airbus 330,UA10267,ORD,KDTW,320,30060,30120,32040
Boeing 747,UA10268,ORD,KCLT,238,25380,25440,29280
Airbus 330,UA10269,ORD,KMIA,325,26640,26700,35040
Airbus 330,UA10270,ORD,DEN,309,24540,24600,30840
Airbus 380,UA10271,ORD,KSEA,636,26520,26580,36480
Boeing 747,UA10272,ORD,KCVG,240,40200,40260,42120
Airbus 330,UA10273,ORD,KMSY,284,22920,22980,28920
Airbus 330,UA10274,ORD,KCLT,276,36180,36240,40560
Airbus 330,UA10275,ORD,KPIT,281,38040,38100,41160
Airbus 380,UA10276,ORD,KPIT,575,24120,24180,26820
Airbus 330,UA10277,ORD,JFK,324,37380,37440,42720
Airbus 380,UA10278,ORD,KBOS,549,26520,26580,31740
Boeing 747,UA10279,ORD,KBOS,253,34320,34380,39780
Airbus 380,UA10280,ORD,MCI,585,31560,31620,34200
Airbus 380,UA10281,ORD,LAX,549,33600,33660,43680
Boeing 747,UA10282,ORD,KBOS,246,40740,40800,46200
Airbus 330,UA10283,ORD,KPHL,288,30720,30780,35640
Airbus 330,UA10284,ORD,KPHX,268,39660,39720,49620
Airbus 330,UA10285,ORD,DEN,306,29220,29280,35520
Airbus 380,UA10286,ORD,SFO,576,26640,26700,37320
Boeing 747,UA10287,ORD,LIT,251,30600,30660,34200
Airbus 380,UA10288,ORD,SFO,622,31860,31920,42540
Airbus 330,UA10289,ORD,KCLT,268,38220,38280,42600
Boeing 747,UA10290,ORD,KPHL,260,39720,39780,44040
Airbus 380,UA10291,ORD,KPIT,581,35400,35460,38100
Boeing 747,UA10292,ORD,LAX,251,30000,30060,40620
Airbus 330,UA10293,ORD,KDTW,320,35460,35520,37440
Boeing 747,UA10294,ORD,KNKX,239,39360,39420,49800
Airbus 380,UA10295,ORD,KPHL,645,29760,29820,33900
Airbus 380,UA10296,ORD,KDTW,554,31380,31440,33060
Boeing 747,UA10297,ORD,CLE,269,34680,34740,36900
Boeing 747,UA10298,ORD,ATL,275,27540,27600,31500
Airbus 380,UA10299,ORD,KSAV,570,40200,40260,44880
Boeing 747,UA10300,MCI,KSEA,256,38580,38640,47700
Boeing 747,UA10301,MCI,KCLT,261,39300,39360,44400
Airbus 380,UA10302,MCI,KBOS,623,30120,30180,37500
Boeing 747,UA10303,MCI,DEN,256,22980,23040,26460
Airbus 380,UA10304,MCI,KSLC,536,34020,34080,39540
Boeing 747,UA10305,MCI,SFO,259,27540,27600,36720
Airbus 330,UA10306,MCI,ORD,298,32640,32700,35700
Airbus 330,UA10307,MCI,KSLC,291,41520,41580,48000
Airbus 330,UA10308,MCI,MCO,292,21960,22020,29520
Airbus 330,UA10309,MCI,ATL,320,35580,35640,40560
Airbus 380,UA10310,MCI,ATL,642,36600,36660,40860
Boeing 747,UA10311,MCI,DEN,234,25560,25620,29040
Airbus 330,UA10312,MCI,KMSP,325,33060,33120,36060
Boeing 747,UA10313,MCI,KPHX,269,30720,30780,37200
Airbus 380,UA10314,MCI,KPHX,602,37740,37800,43920
Boeing 747,UA10315,MCI,KSAV,245,22920,22980,28620
Airbus 380,UA10316,MCI,KCLT,591,23520,23580,28440
Airbus 380,UA10317,MCI,LAX,613,40440,40500,48420
Airbus 380,UA10318,MCI,KSAV,647,22620,22680,28080
Airbus 380,UA10319,MCI,ATL,586,39900,39960,44160
Airbus 380,UA10320,MCI,KPHL,642,31980,32040,38160
Boeing 747,UA10321,MCI,KPIT,221,25080,25140,30000
Boeing 747,UA10322,MCI,CLE,262,38040,38100,42480
Airbus 380,UA10323,MCI,KMCI,560,31020,31080,31440
Airbus 380,UA10324,MCI,ORD,558,37860,37920,40500
Boeing 747,UA10325,MCI,KDTW,262,30720,30780,34800
Airbus 380,UA10326,MCI,KPHL,594,22380,22440,28560
Airbus 380,UA10327,MCI,KSTL,622,29220,29280,30900
Airbus 380,UA10328,MCI,MEM,579,40860,40920,43440
Boeing 747,UA10329,MCI,KMSY,267,23940,24000,28380
Airbus 380,UA10330,MCI,DEN,642,30480,30540,33840
Boeing 747,UA10331,MCI,KMSY,273,25620,25680,30060
Airbus 330,UA10332,MCI,KPHL,282,25620,25680,32940
Airbus 330,UA10333,MCI,LAX,311,32040,32100,41520
Airbus 380,UA10334,MCI,KSAV,587,35940,36000,41400
Airbus 330,UA10335,MCI,JFK,325,30900,30960,38700
Airbus 330,UA10336,MCI,LAX,293,26760,26820,36240
Airbus 380,UA10337,MCI,KPHX,599,27540,27600,33720
Airbus 330,UA10338,MCI,KDTW,287,38100,38160,42660
Boeing 747,UA10339,MCI,SFO,255,39240,39300,48420
Airbus 330,UA10340,MCI,KPHL,301,27660,27720,34980
Airbus 380,UA10341,MCI,KCLT,542,37860,37920,42780
Boeing 747,UA10342,MCI,KSTL,221,43140,43200,44940
Airbus 380,UA10343,MCI,ORD,614,22140,22200,24780
Airbus 330,UA10344,MCI,JFK,296,24360,24420,32160
Airbus 330,UA10345,MCI,MCO,292,31620,31680,39180
Airbus 330,UA10346,MCI,KMCI,280,36900,36960,37320
Boeing 747,UA10347,MCI,KSAV,232,26580,26640,32280
Airbus 330,UA10348,MCI,ORD,294,38880,38940,41940
Boeing 747,UA10349,MCI,KBOS,261,42480,42540,50220
Airbus 380,UA10350,MCI,ORD,581,40680,40740,43320
Airbus 380,UA10351,MCI,KMSP,545,22920,22980,25500
Boeing 747,UA10352,MCI,JFK,237,23400,23460,30300
Airbus 380,UA10353,MCI,ATL,588,27240,27300,31500
Boeing 747,UA10354,MCI,KMSP,265,39840,39900,42540
Airbus 380,UA10355,MCI,KMSY,619,40200,40260,44460
Airbus 330,UA10356,MCI,LAX,281,21960,22020,31440
Boeing 747,UA10357,MCI,KMSY,239,33540,33600,37980
Boeing 747,UA10358,MCI,MEM,267,21600,21660,24300
Airbus 330,UA10359,MCI,KNKX,327,30420,30480,39660
Boeing 747,UA10360,MCI,KSEA,267,35640,35700,44760
Boeing 747,UA10361,MCI,KSLC,261,33360,33420,39120
Airbus 330,UA10362,MCI,LAX,331,36240,36300,45720
Boeing 747,UA10363,MCI,KBOS,237,23940,24000,31680
Boeing 747,UA10364,MCI,KMIA,221,34500,34560,42240
Airbus 330,UA10365,MCI,LAX,276,41160,41220,50640
Airbus 330,UA10366,MCI,KMIA,287,34680,34740,43440
Airbus 330,UA10367,MCI,KNKX,309,23400,23460,32640
Boeing 747,UA10368,MCI,KCVG,273,41880,41940,45420
Airbus 380,UA10369,MCI,MCO,540,34740,34800,41100
Boeing 747,UA10370,MCI,DEN,228,41700,41760,45180
Airbus 330,UA10371,MCI,KSTL,293,37620,37680,39600
Boeing 747,UA10372,MCI,CLE,232,39720,39780,44160
Boeing 747,UA10373,MCI,CLE,227,27840,27900,32280
Boeing 747,UA10374,MCI,KBOS,256,38580,38640,46320
Airbus 380,UA10375,MCI,KSLC,558,22500,22560,28020
Boeing 747,UA10376,MCI,LIT,275,31740,31800,34140
Boeing 747,UA10377,MCI,LIT,259,41760,41820,44160
Boeing 747,UA10378,MCI,KSTL,244,27840,27900,29640
Boeing 747,UA10379,MCI,KSEA,271,32520,32580,41640
Boeing 747,UA10380,MCI,KBOS,260,26520,26580,34260
Airbus 380,UA10381,MCI,KMIA,590,30000,30060,37380
Boeing 747,UA10382,MCI,KSLC,256,37320,37380,43080
Airbus 330,UA10383,MCI,KCVG,323,30960,31020,34920
Airbus 380,UA10384,MCI,ATL,562,31260,31320,35520
Boeing 747,UA10385,MCI,ATL,240,39900,39960,44340
Boeing 747,UA10386,MCI,LAX,231,40080,40140,48420
Airbus 380,UA10387,MCI,KDTW,598,32340,32400,36240
Boeing 747,UA10388,MCI,KMIA,274,39060,39120,46800
Boeing 747,UA10389,MCI,KBOS,259,31440,31500,39180
Airbus 330,UA10390,MCI,LAX,301,40980,41040,50460
Boeing 747,UA10391,MCI,KCLT,247,30300,30360,35400
Airbus 380,UA10392,MCI,MEM,531,42000,42060,44580
Airbus 330,UA10393,MCI,ORD,317,32520,32580,35580
Airbus 380,UA10394,MCI,KCLT,524,35760,35820,40680
Airbus 380,UA10395,MCI,DEN,525,30840,30900,34200
Boeing 747,UA10396,MCI,JFK,221,27060,27120,33960
Boeing 747,UA10397,MCI,KDTW,260,38220,38280,42300
Boeing 747,UA10398,MCI,KMIA,221,30780,30840,38520
Airbus 330,UA10399,MCI,JFK,317,32640,32700,40440
Airbus 330,UA10400,LIT,KPHL,312,37560,37620,44580
Airbus 330,UA10401,LIT,KMCI,327,40860,40920,43560
Airbus 330,UA10402,LIT,DEN,281,31140,31200,36660
Boeing 747,UA10403,LIT,ATL,250,25080,25140,28140
Boeing 747,UA10404,LIT,JFK,229,34980,35040,41700
Airbus 380,UA10405,LIT,KDTW,626,27420,27480,31740
Boeing 747,UA10406,LIT,SFO,239,25560,25620,35820
Boeing 747,UA10407,LIT,KMIA,246,41520,41580,47400
Airbus 330,UA10408,LIT,MCI,293,38400,38460,41100
Airbus 330,UA10409,LIT,LAX,324,23220,23280,33540
Boeing 747,UA10410,LIT,KMSY,251,31620,31680,34020
Airbus 380,UA10411,LIT,KCVG,616,32520,32580,35760
Airbus 330,UA10412,LIT,ATL,284,41820,41880,45240
Airbus 380,UA10413,LIT,MCO,568,22920,22980,27660
Airbus 380,UA10414,LIT,MCO,529,42780,42840,47520
Airbus 330,UA10415,LIT,ORD,287,35940,36000,40020
Airbus 380,UA10416,LIT,KSEA,522,37920,37980,48240
Airbus 330,UA10417,LIT,KPHL,294,32700,32760,39720
Airbus 380,UA10418,LIT,KCLT,588,21660,21720,25620
Airbus 330,UA10419,LIT,KSEA,270,33060,33120,45300
Airbus 380,UA10420,LIT,DEN,585,35340,35400,40020
Boeing 747,UA10421,LIT,KNKX,236,25140,25200,33900
Airbus 380,UA10422,LIT,KPIT,534,32520,32580,37200
Boeing 747,UA10423,LIT,KSLC,269,36300,36360,43440
Airbus 330,UA10424,LIT,LAX,297,25500,25560,35820
Airbus 380,UA10425,LIT,KMSP,647,35700,35760,40020
Airbus 380,UA10426,LIT,KPIT,617,40980,41040,45660
Boeing 747,UA10427,LIT,SFO,227,39480,39540,49740
Airbus 330,UA10428,LIT,KBOS,269,22200,22260,30960
Boeing 747,UA10429,LIT,KMCI,262,25860,25920,28260
Airbus 330,UA10430,LIT,KDTW,281,29520,29580,34620
Boeing 747,UA10431,LIT,ATL,265,35340,35400,38400
Boeing 747,UA10432,LIT,SFO,221,38460,38520,48720
Boeing 747,UA10433,LIT,KSTL,271,31680,31740,33780
Airbus 380,UA10434,LIT,KSTL,630,34020,34080,36060
Airbus 380,UA10435,LIT,KCVG,592,22320,22380,25560
Airbus 380,UA10436,LIT,KPHX,525,39300,39360,46020
Airbus 380,UA10437,LIT,ATL,570,36300,36360,39240
Airbus 330,UA10438,LIT,JFK,285,36360,36420,43980
Airbus 330,UA10439,LIT,KMIA,286,40020,40080,46680
Airbus 380,UA10440,LIT,ATL,572,37320,37380,40260
Boeing 747,UA10441,LIT,ATL,261,34740,34800,37800
Boeing 747,UA10442,LIT,ATL,269,27840,27900,30900
Airbus 330,UA10443,LIT,SFO,277,33600,33660,45240
Airbus 380,UA10444,LIT,KSAV,542,43080,43140,47160
Airbus 330,UA10445,LIT,KSAV,286,30360,30420,35160
Boeing 747,UA10446,LIT,KSTL,273,39120,39180,41220
Boeing 747,UA10447,LIT,SFO,230,33420,33480,43680
Boeing 747,UA10448,LIT,CLE,251,24420,24480,29100
Airbus 330,UA10449,LIT,KMIA,271,39060,39120,45720
Airbus 330,UA10450,LIT,KSTL,316,23520,23580,25860
Boeing 747,UA10451,LIT,KCVG,242,41580,41640,45000
Boeing 747,UA10452,LIT,KBOS,247,23340,23400,31080
Boeing 747,UA10453,LIT,KPHX,230,31500,31560,38520
Boeing 747,UA10454,LIT,LAX,232,39960,40020,49080
Airbus 330,UA10455,LIT,LAX,270,34020,34080,44340
Boeing 747,UA10456,LIT,DEN,268,42660,42720,47580
Airbus 330,UA10457,LIT,MCO,269,41340,41400,46920
Boeing 747,UA10458,LIT,ORD,243,31860,31920,35460
Boeing 747,UA10459,LIT,KSLC,266,31860,31920,39000
Boeing 747,UA10460,LIT,KPIT,249,39420,39480,44280
Boeing 747,UA10461,LIT,MCI,238,22440,22500,24840
Airbus 330,UA10462,LIT,KMCI,320,26520,26580,29220
Boeing 747,UA10463,LIT,KPHX,260,31800,31860,38820
Boeing 747,UA10464,LIT,SFO,255,24060,24120,34320
Boeing 747,UA10465,LIT,KSTL,269,28020,28080,30120
Airbus 380,UA10466,LIT,KPHX,648,25020,25080,31740
Airbus 380,UA10467,LIT,MCO,554,39480,39540,44220
Airbus 380,UA10468,LIT,ATL,602,35580,35640,38520
Boeing 747,UA10469,LIT,KNKX,236,39060,39120,47820
Airbus 330,UA10470,LIT,KBOS,282,41760,41820,50520
Airbus 330,UA10471,LIT,KSTL,271,23040,23100,25380
Boeing 747,UA10472,LIT,KMCI,257,28980,29040,31380
Airbus 330,UA10473,LIT,LAX,281,30960,31020,41280
Boeing 747,UA10474,LIT,JFK,272,31380,31440,38100
Airbus 330,UA10475,LIT,KMIA,277,22080,22140,28740
Boeing 747,UA10476,LIT,KMSY,225,38640,38700,41040
Boeing 747,UA10477,LIT,MEM,245,26280,26340,27420
Airbus 330,UA10478,LIT,MCO,275,28620,28680,34200
Boeing 747,UA10479,LIT,KBOS,262,31560,31620,39300
Airbus 380,UA10480,LIT,MCI,566,29760,29820,32040
Airbus 380,UA10481,LIT,DEN,645,36660,36720,41340
Airbus 380,UA10482,LIT,CLE,572,31440,31500,35880
Airbus 330,UA10483,LIT,KDTW,326,37140,37200,42240
Boeing 747,UA10484,LIT,KSTL,265,35400,35460,37500
Airbus 380,UA10485,LIT,SFO,545,38820,38880,48600
Boeing 747,UA10486,LIT,ATL,240,40020,40080,43080
Boeing 747,UA10487,LIT,KMSP,237,25200,25260,29700
Boeing 747,UA10488,LIT,MCI,248,33540,33600,35940
Boeing 747,UA10489,LIT,ORD,266,24360,24420,27960
Airbus 380,UA10490,LIT,KPIT,545,28080,28140,32760
Boeing 747,UA10491,LIT,SFO,248,42960,43020,53220
Airbus 330,UA10492,LIT,MCI,268,35340,35400,38040
Airbus 330,UA10493,LIT,MCO,307,38700,38760,44280
Airbus 380,UA10494,LIT,KCVG,597,42120,42180,45360
Airbus 380,UA10495,LIT,LAX,539,32700,32760,41400
Airbus 380,UA10496,LIT,JFK,573,37620,37680,44040
Boeing 747,UA10497,LIT,KDTW,233,32220,32280,36720
Boeing 747,UA10498,LIT,MEM,244,22860,22920,24000
Airbus 380,UA10499,LIT,KPHX,570,41340,41400,48060
Boeing 747,UA10500,MEM,MCO,252,40440,40500,44820
Boeing 747,UA10501,MEM,KDTW,270,35520,35580,39480
Airbus 380,UA10502,MEM,KMSP,592,39900,39960,44220
Airbus 330,UA10503,MEM,KCVG,272,31140,31200,34200
Boeing 747,UA10504,MEM,KMIA,233,28260,28320,33660
Boeing 747,UA10505,MEM,SFO,237,29340,29400,40320
Airbus 330,UA10506,MEM,ORD,297,26760,26820,30420
Airbus 380,UA10507,MEM,MCI,588,41100,41160,43680
Airbus 380,UA10508,MEM,KMCI,637,22500,22560,25080
Boeing 747,UA10509,MEM,KMIA,251,26580,26640,31980
Airbus 380,UA10510,MEM,KPHX,552,30000,30060,37440
Airbus 380,UA10511,MEM,KBOS,566,42000,42060,48720
Airbus 330,UA10512,MEM,KNKX,329,37800,37860,48600
Boeing 747,UA10513,MEM,DEN,226,39600,39660,45060
Boeing 747,UA10514,MEM,LAX,266,35640,35700,45480
Boeing 747,UA10515,MEM,DEN,273,42120,42180,47580
Airbus 380,UA10516,MEM,KBOS,550,42840,42900,49560
Airbus 330,UA10517,MEM,KPIT,284,24360,24420,29100
Airbus 330,UA10518,MEM,KMSY,268,39120,39180,41820
Airbus 330,UA10519,MEM,KNKX,270,30240,30300,41040
Boeing 747,UA10520,MEM,KSLC,239,34620,34680,42360
Airbus 330,UA10521,MEM,KNKX,276,24360,24420,35160
Boeing 747,UA10522,MEM,SFO,275,25980,26040,36960
Boeing 747,UA10523,MEM,ATL,238,34200,34260,36540
Airbus 380,UA10524,MEM,SFO,586,33600,33660,44040
Airbus 380,UA10525,MEM,CLE,563,24780,24840,28620
Airbus 380,UA10526,MEM,LIT,572,36600,36660,37740
Airbus 330,UA10527,MEM,KSAV,310,30240,30300,34260
Airbus 330,UA10528,MEM,SFO,333,30420,30480,42840
Airbus 380,UA10529,MEM,KSAV,640,26040,26100,29460
Boeing 747,UA10530,MEM,MCI,236,31440,31500,34140
Airbus 380,UA10531,MEM,KCLT,525,26580,26640,29820
Airbus 330,UA10532,MEM,SFO,293,27300,27360,39720
Airbus 380,UA10533,MEM,DEN,584,36360,36420,41580
Boeing 747,UA10534,MEM,CLE,267,31440,31500,35460
Boeing 747,UA10535,MEM,JFK,240,33600,33660,39600
Airbus 330,UA10536,MEM,KMCI,321,27360,27420,30360
Airbus 380,UA10537,MEM,JFK,584,37860,37920,43620
Airbus 330,UA10538,MEM,ATL,301,35280,35340,37860
Airbus 330,UA10539,MEM,KMCI,331,29820,29880,32820
Airbus 380,UA10540,MEM,KDTW,587,40200,40260,43980
Airbus 380,UA10541,MEM,KCVG,582,30480,30540,33120
Airbus 380,UA10542,MEM,KSTL,613,40800,40860,42600
Airbus 380,UA10543,MEM,KPHL,582,31440,31500,36720
Airbus 330,UA10544,MEM,KMCI,273,30000,30060,33000
Airbus 380,UA10545,MEM,KMSY,559,35640,35700,37980
Airbus 330,UA10546,MEM,KMSP,312,38700,38760,43740
Airbus 380,UA10547,MEM,LAX,630,35580,35640,45000
Boeing 747,UA10548,MEM,MCO,252,38460,38520,42840
Airbus 380,UA10549,MEM,KSAV,639,28080,28140,31500
Airbus 380,UA10550,MEM,SFO,612,36960,37020,47400
Airbus 330,UA10551,MEM,CLE,273,32040,32100,36600
Airbus 330,UA10552,MEM,KMSP,298,30900,30960,35940
Airbus 330,UA10553,MEM,MCO,323,33060,33120,37980
Airbus 380,UA10554,MEM,MCI,590,28380,28440,30960
Boeing 747,UA10555,MEM,ORD,259,33240,33300,36480
Airbus 380,UA10556,MEM,ORD,536,25260,25320,28380
Boeing 747,UA10557,MEM,CLE,240,30420,30480,34440
Boeing 747,UA10558,MEM,KSEA,252,30360,30420,41700
Boeing 747,UA10559,MEM,KNKX,221,28440,28500,37980
Airbus 330,UA10560,MEM,KSEA,273,34140,34200,46980
Airbus 330,UA10561,MEM,ATL,272,30900,30960,33480
Airbus 380,UA10562,MEM,KDTW,585,40260,40320,44040
Airbus 380,UA10563,MEM,LIT,584,25800,25860,26940
Airbus 330,UA10564,MEM,CLE,332,23040,23100,27600
Boeing 747,UA10565,MEM,ORD,255,39960,40020,43200
Boeing 747,UA10566,MEM,KSAV,251,25080,25140,28680
Airbus 330,UA10567,MEM,LAX,304,33120,33180,44280
Boeing 747,UA10568,MEM,KPHX,230,36420,36480,44220
Airbus 380,UA10569,MEM,LIT,641,37440,37500,38580
Boeing 747,UA10570,MEM,KDTW,259,33240,33300,37200
Airbus 380,UA10571,MEM,LAX,556,26580,26640,36000
Airbus 380,UA10572,MEM,KCVG,637,33720,33780,36360
Boeing 747,UA10573,MEM,KCVG,249,31080,31140,33840
Airbus 380,UA10574,MEM,KMSY,639,26460,26520,28800
Airbus 380,UA10575,MEM,KBOS,629,26700,26760,33420
Airbus 330,UA10576,MEM,LAX,310,25980,26040,37140
Airbus 330,UA10577,MEM,KMCI,297,21840,21900,24840
Airbus 330,UA10578,MEM,SFO,302,43080,43140,55500
Airbus 330,UA10579,MEM,KMSP,302,31560,31620,36600
Boeing 747,UA10580,MEM,KBOS,226,29280,29340,36360
Boeing 747,UA10581,MEM,KSAV,257,35220,35280,38820
Airbus 380,UA10582,MEM,KCLT,529,41940,42000,45180
Airbus 330,UA10583,MEM,KMIA,310,31980,32040,38100
Boeing 747,UA10584,MEM,KDTW,241,36960,37020,40920
Airbus 380,UA10585,MEM,KCVG,639,34740,34800,37380
Boeing 747,UA10586,MEM,KPHL,250,41520,41580,47040
Airbus 330,UA10587,MEM,MCI,278,22260,22320,25260
Airbus 380,UA10588,MEM,DEN,591,41520,41580,46740
Airbus 380,UA10589,MEM,KSLC,533,26220,26280,33660
Airbus 330,UA10590,MEM,JFK,269,37440,37500,44220
Airbus 380,UA10591,MEM,KSLC,534,23040,23100,30480
Airbus 380,UA10592,MEM,KSTL,558,26520,26580,28320
Airbus 380,UA10593,MEM,KCVG,551,36420,36480,39060
Airbus 380,UA10594,MEM,LAX,629,35160,35220,44580
Airbus 380,UA10595,MEM,KPHL,562,28140,28200,33420
Boeing 747,UA10596,MEM,KDTW,235,29460,29520,33420
Airbus 380,UA10597,MEM,KDTW,620,36060,36120,39840
Airbus 380,UA10598,MEM,KCVG,541,21840,21900,24480
Airbus 330,UA10599,MEM,KCVG,303,22980,23040,26040
Boeing 747,UA10600,KNKX,KPHX,251,42360,42420,44520
Airbus 330,UA10601,KNKX,CLE,275,32280,32340,46080
Boeing 747,UA10602,KNKX,KMIA,274,40800,40860,54420
Airbus 380,UA10603,KNKX,KMSP,550,25500,25560,34380
Airbus 330,UA10604,KNKX,KPHL,287,40380,40440,56520
Airbus 380,UA10605,KNKX,KMCI,552,32700,32760,40500
Airbus 380,UA10606,KNKX,MCI,626,26760,26820,34560
Airbus 330,UA10607,KNKX,LAX,319,28920,28980,30000
Airbus 330,UA10608,KNKX,KMSY,317,24240,24300,35220
Airbus 380,UA10609,KNKX,KMCI,612,42240,42300,50040
Airbus 380,UA10610,KNKX,KMSP,549,24240,24300,33120
Airbus 330,UA10611,KNKX,KPHX,302,35580,35640,37980
Airbus 330,UA10612,KNKX,LIT,272,30960,31020,40920
Boeing 747,UA10613,KNKX,KPIT,272,27720,27780,40380
Airbus 380,UA10614,KNKX,MCO,532,31140,31200,43500
Airbus 330,UA10615,KNKX,CLE,305,28080,28140,41880
Airbus 380,UA10616,KNKX,MCI,642,36900,36960,44700
Airbus 380,UA10617,KNKX,KPHL,598,41340,41400,54900
Boeing 747,UA10618,KNKX,KCLT,246,32880,32940,45360
Boeing 747,UA10619,KNKX,ATL,245,26520,26580,37920
Airbus 380,UA10620,KNKX,KPIT,543,32880,32940,44940
Airbus 380,UA10621,KNKX,KPHX,571,28980,29040,31020
Airbus 330,UA10622,KNKX,KPIT,285,27900,27960,42240
Airbus 330,UA10623,KNKX,KCLT,285,42120,42180,56280
Boeing 747,UA10624,KNKX,MCI,266,24540,24600,32700
Airbus 380,UA10625,KNKX,KMCI,613,23580,23640,31380
Boeing 747,UA10626,KNKX,MCI,271,31140,31200,39300
Airbus 330,UA10627,KNKX,SFO,294,22500,22560,25860
Airbus 330,UA10628,KNKX,KMIA,270,33420,33480,48900
Boeing 747,UA10629,KNKX,LAX,267,39420,39480,40440
Airbus 330,UA10630,KNKX,KMSP,281,37920,37980,48480
Airbus 380,UA10631,KNKX,MCO,637,33180,33240,45540
Boeing 747,UA10632,KNKX,CLE,228,38040,38100,50220
Boeing 747,UA10633,KNKX,KSEA,221,39600,39660,46080
Airbus 330,UA10634,KNKX,KMCI,320,30840,30900,40080
Airbus 380,UA10635,KNKX,JFK,561,33240,33300,47220
Boeing 747,UA10636,KNKX,KCVG,234,23580,23640,34860
Airbus 330,UA10637,KNKX,JFK,324,23700,23760,40320
Airbus 380,UA10638,KNKX,ORD,609,31080,31140,41040
Airbus 330,UA10639,KNKX,MCI,281,42180,42240,51420
Airbus 330,UA10640,KNKX,KDTW,276,29280,29340,42660
Airbus 380,UA10641,KNKX,KMCI,523,39780,39840,47580
Airbus 380,UA10642,KNKX,ORD,648,40320,40380,50280
Airbus 330,UA10643,KNKX,KMSY,330,35460,35520,46440
Airbus 380,UA10644,KNKX,KSAV,571,34560,34620,46560
Airbus 330,UA10645,KNKX,KSAV,311,27000,27060,41280
Airbus 330,UA10646,KNKX,ATL,329,39300,39360,52260
Airbus 380,UA10647,KNKX,KCLT,638,31620,31680,43560
Boeing 747,UA10648,KNKX,ATL,257,39000,39060,50400
Boeing 747,UA10649,KNKX,KSLC,252,39120,39180,43140
Boeing 747,UA10650,KNKX,KDTW,239,24180,24240,35940
Airbus 330,UA10651,KNKX,KMSP,325,39600,39660,50160
Boeing 747,UA10652,KNKX,JFK,228,33480,33540,48120
Airbus 330,UA10653,KNKX,KCVG,309,42060,42120,54840
Airbus 330,UA10654,KNKX,KPIT,323,38700,38760,53040
Airbus 330,UA10655,KNKX,KMSY,318,32700,32760,43680
Boeing 747,UA10656,KNKX,ORD,246,31200,31260,41640
Airbus 330,UA10657,KNKX,KPHX,285,24480,24540,26880
Boeing 747,UA10658,KNKX,KBOS,259,24600,24660,40080
Airbus 380,UA10659,KNKX,KSAV,584,38640,38700,50640
Airbus 330,UA10660,KNKX,JFK,284,32820,32880,49440
Airbus 380,UA10661,KNKX,CLE,570,25500,25560,37140
Airbus 330,UA10662,KNKX,KMSY,328,43080,43140,54060
Airbus 330,UA10663,KNKX,CLE,274,34860,34920,48660
Airbus 380,UA10664,KNKX,KCVG,647,27480,27540,38220
Airbus 380,UA10665,KNKX,KSEA,627,34440,34500,40620
Airbus 380,UA10666,KNKX,ATL,544,29400,29460,40260
Boeing 747,UA10667,KNKX,KPIT,243,39060,39120,51720
Airbus 380,UA10668,KNKX,DEN,534,33840,33900,38940
Airbus 330,UA10669,KNKX,LAX,294,23640,23700,24720
Boeing 747,UA10670,KNKX,ORD,225,33420,33480,43860
Boeing 747,UA10671,KNKX,ORD,240,23760,23820,34200
Airbus 330,UA10672,KNKX,CLE,291,29040,29100,42840
Airbus 330,UA10673,KNKX,KSAV,306,33960,34020,48240
Airbus 330,UA10674,KNKX,MCI,312,38940,39000,48180
Boeing 747,UA10675,KNKX,KMSY,230,37620,37680,47340
Airbus 380,UA10676,KNKX,KCLT,584,36540,36600,48480
Airbus 330,UA10677,KNKX,DEN,280,37620,37680,43620
Airbus 380,UA10678,KNKX,MCI,542,27240,27300,35040
Airbus 380,UA10679,KNKX,KMIA,588,34020,34080,47040
Boeing 747,UA10680,KNKX,LIT,260,29820,29880,38580
Boeing 747,UA10681,KNKX,KMSY,248,26400,26460,36120
Airbus 380,UA10682,KNKX,KCLT,557,34140,34200,46080
Boeing 747,UA10683,KNKX,KMIA,242,31500,31560,45120
Boeing 747,UA10684,KNKX,KSEA,241,23940,24000,30420
Airbus 380,UA10685,KNKX,ORD,589,22080,22140,32040
Airbus 380,UA10686,KNKX,KSEA,614,43080,43140,49260
Airbus 330,UA10687,KNKX,KPHL,328,35400,35460,51540
Airbus 380,UA10688,KNKX,KMSY,630,28080,28140,37380
Boeing 747,UA10689,KNKX,KBOS,242,23940,24000,39420
Airbus 380,UA10690,KNKX,KPHX,556,30540,30600,32580
Airbus 330,UA10691,KNKX,SFO,311,42840,42900,46200
Airbus 380,UA10692,KNKX,ORD,641,29820,29880,39780
Airbus 330,UA10693,KNKX,KSEA,315,28860,28920,36180
Airbus 380,UA10694,KNKX,KSEA,599,21840,21900,28020
Airbus 380,UA10695,KNKX,KPHX,588,36960,37020,39000
Boeing 747,UA10696,KNKX,KCVG,232,22080,22140,33360
Airbus 380,UA10697,KNKX,KSLC,644,42120,42180,45960
Airbus 380,UA10698,KNKX,LAX,532,39000,39060,39960
Airbus 330,UA10699,KNKX,KCVG,291,28860,28920,41640
Airbus 380,UA10700,KCVG,KBOS,587,21840,21900,26400
Airbus 330,UA10701,KCVG,KSEA,271,29940,30000,43380
Airbus 330,UA10702,KCVG,SFO,318,27120,27180,41040
Boeing 747,UA10703,KCVG,JFK,264,27900,27960,31740
Airbus 330,UA10704,KCVG,MCI,307,39060,39120,43020
Boeing 747,UA10705,KCVG,KPIT,227,25620,25680,27480
Airbus 330,UA10706,KCVG,KSTL,272,34200,34260,36660
Airbus 380,UA10707,KCVG,KNKX,627,42780,42840,53520
Boeing 747,UA10708,KCVG,KSEA,233,24840,24900,36720
Boeing 747,UA10709,KCVG,LIT,262,25620,25680,29040
Boeing 747,UA10710,KCVG,KMIA,253,30660,30720,36600
Airbus 330,UA10711,KCVG,DEN,303,40200,40260,47700
Airbus 380,UA10712,KCVG,MCO,593,25980,26040,30600
Boeing 747,UA10713,KCVG,KSEA,247,42840,42900,54720
Airbus 380,UA10714,KCVG,SFO,613,36960,37020,48660
Boeing 747,UA10715,KCVG,KBOS,258,37680,37740,42480
Airbus 330,UA10716,KCVG,KPHL,306,26880,26940,30660
Airbus 330,UA10717,KCVG,MCI,298,29460,29520,33420
Airbus 330,UA10718,KCVG,KSTL,305,41700,41760,44160
Airbus 380,UA10719,KCVG,KCLT,623,23400,23460,25680
Airbus 330,UA10720,KCVG,CLE,301,22800,22860,24660
Airbus 330,UA10721,KCVG,ORD,309,33480,33540,35640
Airbus 330,UA10722,KCVG,DEN,274,26640,26700,34140
Airbus 380,UA10723,KCVG,KSAV,538,40140,40200,43380
Airbus 330,UA10724,KCVG,KPIT,286,25980,26040,28080
Airbus 380,UA10725,KCVG,KMCI,606,24000,24060,27360
Airbus 330,UA10726,KCVG,KDTW,324,23640,23700,25560
Boeing 747,UA10727,KCVG,MEM,234,37740,37800,40500
Airbus 380,UA10728,KCVG,KMCI,598,29640,29700,33000
Airbus 330,UA10729,KCVG,JFK,274,30840,30900,35160
Airbus 380,UA10730,KCVG,CLE,648,32400,32460,34020
Boeing 747,UA10731,KCVG,KSAV,269,26160,26220,29580
Airbus 380,UA10732,KCVG,KSEA,541,32340,32400,43680
Airbus 380,UA10733,KCVG,KDTW,611,40380,40440,42060
Boeing 747,UA10734,KCVG,KMSP,270,25560,25620,29460
Boeing 747,UA10735,KCVG,LIT,239,31020,31080,34440
Boeing 747,UA10736,KCVG,ORD,247,35340,35400,37260
Boeing 747,UA10737,KCVG,KMCI,254,39360,39420,42900
Boeing 747,UA10738,KCVG,MEM,221,39660,39720,42420
Airbus 330,UA10739,KCVG,KSLC,302,33840,33900,43860
Airbus 380,UA10740,KCVG,KSAV,625,38580,38640,41820
Airbus 330,UA10741,KCVG,MEM,279,36360,36420,39420
Boeing 747,UA10742,KCVG,KMIA,267,42840,42900,48780
Airbus 330,UA10743,KCVG,KMIA,280,27600,27660,34320
Boeing 747,UA10744,KCVG,KSEA,227,42000,42060,53880
Boeing 747,UA10745,KCVG,SFO,228,33420,33480,45720
Airbus 380,UA10746,KCVG,MCI,541,24180,24240,27540
Boeing 747,UA10747,KCVG,ORD,225,32460,32520,34380
Airbus 330,UA10748,KCVG,LAX,279,36000,36060,49020
Airbus 330,UA10749,KCVG,LIT,293,39660,39720,43440
Boeing 747,UA10750,KCVG,KPHL,246,28800,28860,32160
Airbus 380,UA10751,KCVG,KSAV,593,27240,27300,30480
Airbus 330,UA10752,KCVG,KNKX,276,42660,42720,55440
Airbus 380,UA10753,KCVG,LIT,556,38040,38100,41280
Airbus 380,UA10754,KCVG,KSTL,610,22260,22320,24360
Airbus 380,UA10755,KCVG,DEN,522,24720,24780,31080
Airbus 380,UA10756,KCVG,MCO,606,24660,24720,29280
Airbus 330,UA10757,KCVG,KPIT,296,23580,23640,25680
Airbus 330,UA10758,KCVG,CLE,278,24780,24840,26640
Airbus 380,UA10759,KCVG,KBOS,604,39000,39060,43560
Airbus 330,UA10760,KCVG,DEN,284,41340,41400,48840
Airbus 330,UA10761,KCVG,KBOS,314,22200,22260,27600
Airbus 380,UA10762,KCVG,KPHL,619,42840,42900,46020
Airbus 380,UA10763,KCVG,KMSY,580,25860,25920,30180
Airbus 380,UA10764,KCVG,MCI,645,42360,42420,45720
Airbus 380,UA10765,KCVG,LIT,629,29700,29760,32940
Airbus 330,UA10766,KCVG,DEN,318,41820,41880,49320
Airbus 330,UA10767,KCVG,DEN,301,33900,33960,41400
Airbus 330,UA10768,KCVG,MEM,328,37800,37860,40860
Airbus 330,UA10769,KCVG,DEN,274,23220,23280,30720
Boeing 747,UA10770,KCVG,MCI,257,42060,42120,45600
Boeing 747,UA10771,KCVG,KBOS,272,22140,22200,26940
Airbus 380,UA10772,KCVG,MCO,622,40200,40260,44820
Airbus 380,UA10773,KCVG,KNKX,609,40260,40320,51000
Airbus 380,UA10774,KCVG,KMSY,586,36240,36300,40560
Boeing 747,UA10775,KCVG,KCLT,266,41160,41220,43500
Airbus 380,UA10776,KCVG,KMSY,627,43140,43200,47460
Airbus 330,UA10777,KCVG,KBOS,300,27000,27060,32400
Airbus 380,UA10778,KCVG,KPHL,586,36420,36480,39600
Airbus 380,UA10779,KCVG,KSTL,555,29880,29940,31980
Airbus 330,UA10780,KCVG,KSTL,317,39660,39720,42120
Boeing 747,UA10781,KCVG,MEM,250,23820,23880,26580
Boeing 747,UA10782,KCVG,MEM,242,33000,33060,35760
Boeing 747,UA10783,KCVG,KSLC,274,40260,40320,49140
Airbus 330,UA10784,KCVG,ORD,301,27600,27660,29760
Boeing 747,UA10785,KCVG,KCLT,259,42840,42900,45180
Boeing 747,UA10786,KCVG,LAX,227,40560,40620,52080
Boeing 747,UA10787,KCVG,KMSP,251,27840,27900,31740
Boeing 747,UA10788,KCVG,LIT,246,33720,33780,37140
Airbus 330,UA10789,KCVG,LIT,334,32100,32160,35880
Airbus 380,UA10790,KCVG,DEN,575,42420,42480,48780
Boeing 747,UA10791,KCVG,ORD,239,36600,36660,38520
Airbus 330,UA10792,KCVG,KMIA,279,24420,24480,31140
Airbus 380,UA10793,KCVG,MEM,563,33060,33120,35700
Airbus 380,UA10794,KCVG,KMSP,623,37140,37200,40860
Airbus 380,UA10795,KCVG,SFO,597,29040,29100,40740
Boeing 747,UA10796,KCVG,JFK,235,36960,37020,40800
Boeing 747,UA10797,KCVG,SFO,267,28440,28500,40740
Airbus 330,UA10798,KCVG,ATL,318,42660,42720,45540
Airbus 330,UA10799,KCVG,KSAV,271,32700,32760,36540
Boeing 747,UA10800,KBOS,KMIA,226,26820,26880,34620
Airbus 330,UA10801,KBOS,SFO,289,22500,22560,40860
Airbus 380,UA10802,KBOS,KSEA,639,33960,34020,48240
Airbus 380,UA10803,KBOS,KMSY,596,41820,41880,49800
Airbus 380,UA10804,KBOS,KPIT,535,38280,38340,41400
Airbus 380,UA10805,KBOS,KMSP,650,24120,24180,30780
Airbus 380,UA10806,KBOS,KPIT,575,32160,32220,35280
Airbus 330,UA10807,KBOS,KMSY,268,36060,36120,45540
Boeing 747,UA10808,KBOS,KCLT,264,39300,39360,43920
Boeing 747,UA10809,KBOS,KSEA,229,41400,41460,56400
Airbus 330,UA10810,KBOS,KSLC,287,37380,37440,51780
Airbus 330,UA10811,KBOS,KPHX,275,40080,40140,55740
Boeing 747,UA10812,KBOS,CLE,248,37560,37620,41220
Airbus 330,UA10813,KBOS,CLE,271,25860,25920,30000
Boeing 747,UA10814,KBOS,ORD,235,39180,39240,44640
Boeing 747,UA10815,KBOS,LAX,264,25680,25740,41340
Airbus 380,UA10816,KBOS,ORD,598,29880,29940,35100
Boeing 747,UA10817,KBOS,KCVG,235,32160,32220,36960
Boeing 747,UA10818,KBOS,ORD,249,32220,32280,37680
Airbus 330,UA10819,KBOS,MEM,305,36300,36360,44280
Boeing 747,UA10820,KBOS,CLE,270,34560,34620,38220
Airbus 330,UA10821,KBOS,KDTW,300,33840,33900,38460
Boeing 747,UA10822,KBOS,MEM,271,29940,30000,37020
Airbus 330,UA10823,KBOS,MCO,278,26340,26400,34200
Airbus 380,UA10824,KBOS,KSAV,624,22620,22680,28020
Airbus 380,UA10825,KBOS,LIT,559,35940,36000,43320
Airbus 330,UA10826,KBOS,KPIT,304,35520,35580,39180
Airbus 380,UA10827,KBOS,SFO,559,40260,40320,55680
Boeing 747,UA10828,KBOS,LIT,264,38340,38400,46080
Airbus 330,UA10829,KBOS,MEM,287,33300,33360,41280
Airbus 330,UA10830,KBOS,MEM,308,37140,37200,45120
Airbus 380,UA10831,KBOS,LAX,571,22140,22200,37080
Boeing 747,UA10832,KBOS,KCVG,264,33960,34020,38760
Boeing 747,UA10833,KBOS,LIT,254,31560,31620,39300
Airbus 380,UA10834,KBOS,LAX,579,23760,23820,38700
Boeing 747,UA10835,KBOS,KNKX,268,32220,32280,47700
Airbus 330,UA10836,KBOS,MCI,286,29340,29400,38100
Boeing 747,UA10837,KBOS,LAX,256,23040,23100,38700
Airbus 330,UA10838,KBOS,KPHL,281,35940,36000,38220
Airbus 380,UA10839,KBOS,KPIT,627,25260,25320,28380
Airbus 330,UA10840,KBOS,LAX,298,32340,32400,50100
Airbus 380,UA10841,KBOS,LIT,608,26340,26400,33720
Boeing 747,UA10842,KBOS,KSAV,256,30540,30600,36180
Airbus 330,UA10843,KBOS,KSAV,331,28860,28920,35280
Airbus 330,UA10844,KBOS,KMCI,272,30840,30900,39600
Boeing 747,UA10845,KBOS,KSLC,252,35640,35700,48360
Airbus 330,UA10846,KBOS,KSEA,329,37020,37080,54000
Airbus 330,UA10847,KBOS,KMSY,318,22500,22560,31980
Airbus 330,UA10848,KBOS,ATL,284,28140,28200,34860
Airbus 330,UA10849,KBOS,JFK,302,31560,31620,33180
Airbus 380,UA10850,KBOS,LAX,627,31200,31260,46140
Airbus 330,UA10851,KBOS,KSLC,296,33540,33600,47940
Boeing 747,UA10852,KBOS,SFO,267,26760,26820,42960
Airbus 330,UA10853,KBOS,KSLC,285,29760,29820,44160
Boeing 747,UA10854,KBOS,KSTL,245,35040,35100,41520
Boeing 747,UA10855,KBOS,KSLC,221,21840,21900,34560
Boeing 747,UA10856,KBOS,MEM,257,26460,26520,33540
Airbus 380,UA10857,KBOS,KSTL,610,32280,32340,38460
Boeing 747,UA10858,KBOS,KSLC,252,31380,31440,44100
Airbus 380,UA10859,KBOS,KPHL,575,31560,31620,33480
Airbus 380,UA10860,KBOS,SFO,594,21720,21780,37140
Airbus 380,UA10861,KBOS,JFK,536,26520,26580,27960
Boeing 747,UA10862,KBOS,MCO,232,33720,33780,40680
Boeing 747,UA10863,KBOS,DEN,265,24900,24960,35520
Airbus 330,UA10864,KBOS,KSEA,331,22560,22620,39540
Boeing 747,UA10865,KBOS,KMSY,274,40980,41040,49380
Boeing 747,UA10866,KBOS,KMSP,270,26220,26280,33180
Airbus 330,UA10867,KBOS,KSAV,277,37080,37140,43500
Airbus 330,UA10868,KBOS,KNKX,290,42900,42960,60480
Airbus 380,UA10869,KBOS,KPHL,638,42600,42660,44520
Airbus 380,UA10870,KBOS,ATL,592,37380,37440,43020
Airbus 330,UA10871,KBOS,CLE,287,42180,42240,46320
Airbus 380,UA10872,KBOS,KSLC,524,33000,33060,45120
Boeing 747,UA10873,KBOS,CLE,228,28500,28560,32160
Boeing 747,UA10874,KBOS,MCO,247,25020,25080,31980
Airbus 330,UA10875,KBOS,KCVG,304,22560,22620,27960
Boeing 747,UA10876,KBOS,MCI,260,23220,23280,30960
Airbus 330,UA10877,KBOS,MCO,330,32100,32160,39960
Airbus 380,UA10878,KBOS,SFO,572,39360,39420,54780
Airbus 330,UA10879,KBOS,ORD,275,31740,31800,37920
Airbus 330,UA10880,KBOS,MEM,302,37860,37920,45840
Airbus 330,UA10881,KBOS,ORD,299,31800,31860,37980
Airbus 330,UA10882,KBOS,KSLC,308,21660,21720,36060
Boeing 747,UA10883,KBOS,JFK,230,28380,28440,29880
Airbus 330,UA10884,KBOS,JFK,285,23760,23820,25380
Airbus 330,UA10885,KBOS,KSAV,315,22080,22140,28500
Airbus 330,UA10886,KBOS,KNKX,314,38280,38340,55860
Airbus 330,UA10887,KBOS,KNKX,321,31740,31800,49320
Airbus 380,UA10888,KBOS,KPHX,584,24300,24360,37500
Boeing 747,UA10889,KBOS,ORD,241,37020,37080,42480
Airbus 330,UA10890,KBOS,KSTL,273,42120,42180,49440
Airbus 330,UA10891,KBOS,KMSY,280,38940,39000,48420
Boeing 747,UA10892,KBOS,JFK,240,40200,40260,41700
Airbus 330,UA10893,KBOS,KCVG,277,30300,30360,35700
Boeing 747,UA10894,KBOS,KPHL,259,36300,36360,38340
Airbus 380,UA10895,KBOS,MCO,571,40080,40140,46740
Airbus 330,UA10896,KBOS,MCO,333,25200,25260,33060
Airbus 380,UA10897,KBOS,KSTL,521,23040,23100,29220
Boeing 747,UA10898,KBOS,KMIA,222,27360,27420,35160
Airbus 380,UA10899,KBOS,JFK,548,26400,26460,27840
Airbus 380,UA10900,KMSP,ATL,550,26040,26100,31500
Airbus 380,UA10901,KMSP,KMIA,572,36060,36120,44820
Airbus 380,UA10902,KMSP,KMCI,547,32880,32940,35460
Boeing 747,UA10903,KMSP,JFK,246,26640,26700,33060
Airbus 380,UA10904,KMSP,KMCI,618,29280,29340,31860
Airbus 380,UA10905,KMSP,LIT,558,38400,38460,42720
Airbus 380,UA10906,KMSP,KCVG,531,39420,39480,43140
Airbus 330,UA10907,KMSP,KMSY,276,41880,41940,49200
Boeing 747,UA10908,KMSP,MEM,271,26460,26520,30960
Boeing 747,UA10909,KMSP,KMIA,256,24900,24960,34080
Airbus 380,UA10910,KMSP,KMCI,619,37320,37380,39900
Airbus 380,UA10911,KMSP,KMIA,602,36480,36540,45240
Boeing 747,UA10912,KMSP,KCVG,245,32460,32520,36360
Airbus 330,UA10913,KMSP,MCI,318,29460,29520,32460
Airbus 330,UA10914,KMSP,KPHX,319,41880,41940,50760
Airbus 330,UA10915,KMSP,ORD,327,42840,42900,45480
Boeing 747,UA10916,KMSP,KMSY,260,29880,29940,36360
Boeing 747,UA10917,KMSP,KSLC,222,27720,27780,33900
Boeing 747,UA10918,KMSP,KBOS,265,34260,34320,41220
Airbus 380,UA10919,KMSP,KNKX,576,42780,42840,51660
Airbus 330,UA10920,KMSP,KSEA,276,22920,22980,32580
Airbus 330,UA10921,KMSP,KPHX,294,32280,32340,41160
Boeing 747,UA10922,KMSP,KPIT,228,32940,33000,37560
Airbus 380,UA10923,KMSP,KCLT,528,28740,28800,34320
Airbus 380,UA10924,KMSP,KPHL,533,41640,41700,47460
Boeing 747,UA10925,KMSP,MEM,260,34740,34800,39240
Airbus 330,UA10926,KMSP,KMIA,315,26700,26760,37080
Airbus 330,UA10927,KMSP,KNKX,317,37680,37740,48240
Airbus 380,UA10928,KMSP,KDTW,609,30840,30900,34140
Airbus 380,UA10929,KMSP,KDTW,574,28020,28080,31320
Airbus 330,UA10930,KMSP,KCVG,288,33180,33240,37560
Airbus 330,UA10931,KMSP,KMSY,277,22920,22980,30240
Boeing 747,UA10932,KMSP,KPIT,272,33840,33900,38460
Boeing 747,UA10933,KMSP,LIT,272,34980,35040,39480
Airbus 330,UA10934,KMSP,KPIT,290,23100,23160,28320
Airbus 330,UA10935,KMSP,KSLC,275,26700,26760,33660
Airbus 380,UA10936,KMSP,ORD,551,29100,29160,31320
Boeing 747,UA10937,KMSP,LIT,233,33360,33420,37860
Boeing 747,UA10938,KMSP,DEN,250,24960,25020,29340
Airbus 380,UA10939,KMSP,KSLC,597,36600,36660,42480
Airbus 330,UA10940,KMSP,LIT,272,28140,28200,33240
Boeing 747,UA10941,KMSP,KCVG,257,36360,36420,40260
Boeing 747,UA10942,KMSP,KNKX,269,25380,25440,34680
Airbus 380,UA10943,KMSP,KPIT,618,36540,36600,40980
Airbus 330,UA10944,KMSP,KMIA,329,30900,30960,41280
Boeing 747,UA10945,KMSP,SFO,255,41520,41580,51180
Boeing 747,UA10946,KMSP,KCLT,266,21780,21840,27600
Airbus 380,UA10947,KMSP,KCVG,644,22740,22800,26460
Airbus 330,UA10948,KMSP,KMSY,275,30360,30420,37680
Airbus 330,UA10949,KMSP,JFK,305,25020,25080,32280
Airbus 330,UA10950,KMSP,KPHL,328,32820,32880,39720
Airbus 330,UA10951,KMSP,KPIT,274,25080,25140,30300
Airbus 380,UA10952,KMSP,KCVG,572,40680,40740,44400
Boeing 747,UA10953,KMSP,ATL,229,22140,22200,27840
Airbus 330,UA10954,KMSP,KNKX,303,37260,37320,47820
Airbus 330,UA10955,KMSP,KPHL,293,25140,25200,32040
Airbus 330,UA10956,KMSP,ATL,303,36360,36420,42780
Boeing 747,UA10957,KMSP,KDTW,244,31020,31080,34500
Boeing 747,UA10958,KMSP,SFO,251,28080,28140,37740
Boeing 747,UA10959,KMSP,KSAV,260,21960,22020,28740
Airbus 330,UA10960,KMSP,KCVG,300,42720,42780,47100
Airbus 380,UA10961,KMSP,MCO,573,41700,41760,49380
Airbus 380,UA10962,KMSP,KSEA,631,36300,36360,44460
Boeing 747,UA10963,KMSP,KDTW,259,24060,24120,27540
Boeing 747,UA10964,KMSP,KPHL,242,29880,29940,36000
Airbus 380,UA10965,KMSP,DEN,605,37860,37920,42060
Boeing 747,UA10966,KMSP,MCO,263,22680,22740,30720
Boeing 747,UA10967,KMSP,KMCI,225,33360,33420,36060
Airbus 330,UA10968,KMSP,KSEA,277,38160,38220,47820
Boeing 747,UA10969,KMSP,SFO,265,31740,31800,41400
Airbus 330,UA10970,KMSP,KSLC,290,25260,25320,32220
Airbus 380,UA10971,KMSP,KMCI,565,39840,39900,42420
Boeing 747,UA10972,KMSP,KPHL,261,22620,22680,28740
Boeing 747,UA10973,KMSP,KDTW,236,31140,31200,34620
Boeing 747,UA10974,KMSP,JFK,263,23220,23280,29640
Airbus 330,UA10975,KMSP,KPIT,324,30600,30660,35820
Airbus 380,UA10976,KMSP,KBOS,614,38100,38160,44760
Airbus 330,UA10977,KMSP,KCVG,334,35700,35760,40080
Airbus 330,UA10978,KMSP,KBOS,318,31800,31860,39660
Airbus 380,UA10979,KMSP,KBOS,535,24240,24300,30900
Boeing 747,UA10980,KMSP,KDTW,229,39780,39840,43260
Airbus 330,UA10981,KMSP,KMIA,304,23280,23340,33660
Airbus 380,UA10982,KMSP,KBOS,561,40380,40440,47040
Airbus 330,UA10983,KMSP,KPHL,317,30720,30780,37620
Airbus 330,UA10984,KMSP,LAX,298,33780,33840,44400
Airbus 330,UA10985,KMSP,KMIA,314,24960,25020,35340
Boeing 747,UA10986,KMSP,LAX,233,31560,31620,40920
Airbus 330,UA10987,KMSP,KBOS,308,35820,35880,43680
Airbus 380,UA10988,KMSP,LIT,642,25680,25740,30000
Boeing 747,UA10989,KMSP,KMSY,225,28380,28440,34860
Airbus 380,UA10990,KMSP,KCLT,610,29940,30000,35520
Boeing 747,UA10991,KMSP,KSAV,258,29760,29820,36540
Airbus 380,UA10992,KMSP,CLE,624,30840,30900,34680
Airbus 330,UA10993,KMSP,MCO,310,42240,42300,51360
Airbus 380,UA10994,KMSP,KMSY,609,34560,34620,40740
Boeing 747,UA10995,KMSP,KPHL,247,22800,22860,28920
Airbus 330,UA10996,KMSP,DEN,305,35760,35820,40680
Airbus 330,UA10997,KMSP,KCLT,301,37560,37620,44160
Airbus 330,UA10998,KMSP,KMCI,301,41100,41160,44100
Boeing 747,UA10999,KMSP,KMCI,233,33720,33780,36420
Airbus 380,UA11000,KSTL,KSEA,555,26280,26340,36180
Airbus 380,UA11001,KSTL,JFK,524,41460,41520,46800
Boeing 747,UA11002,KSTL,KMCI,270,27660,27720,29460
Airbus 380,UA11003,KSTL,KMSP,633,23220,23280,26100
Airbus 330,UA11004,KSTL,KSAV,328,35640,35700,40620
Boeing 747,UA11005,KSTL,KMSY,244,31440,31500,35400
Boeing 747,UA11006,KSTL,KSLC,246,42180,42240,49320
Airbus 380,UA11007,KSTL,KMSP,605,42900,42960,45780
Boeing 747,UA11008,KSTL,KSAV,268,38880,38940,43320
Boeing 747,UA11009,KSTL,ORD,237,31260,31320,33180
Airbus 380,UA11010,KSTL,MEM,630,35160,35220,36960
Boeing 747,UA11011,KSTL,ORD,233,24480,24540,26400
Airbus 330,UA11012,KSTL,KMSY,281,36540,36600,40980
Boeing 747,UA11013,KSTL,JFK,231,40440,40500,46020
Boeing 747,UA11014,KSTL,KNKX,262,40200,40260,49680
Airbus 330,UA11015,KSTL,KNKX,308,36120,36180,46860
Airbus 330,UA11016,KSTL,KMSY,288,28620,28680,33060
Boeing 747,UA11017,KSTL,KCLT,249,30120,30180,33840
Airbus 380,UA11018,KSTL,MCI,522,35460,35520,37140
Airbus 330,UA11019,KSTL,LAX,293,25500,25560,36480
Boeing 747,UA11020,KSTL,KMSP,250,22920,22980,25920
Boeing 747,UA11021,KSTL,KNKX,264,27600,27660,37080
Airbus 330,UA11022,KSTL,KPIT,292,39540,39600,43620
Airbus 380,UA11023,KSTL,KMCI,627,23220,23280,24900
Airbus 330,UA11024,KSTL,KSEA,331,37440,37500,49200
Boeing 747,UA11025,KSTL,MCO,225,24300,24360,29880
Airbus 380,UA11026,KSTL,KMIA,550,29940,30000,36300
Airbus 380,UA11027,KSTL,LAX,630,39180,39240,48420
Airbus 380,UA11028,KSTL,KNKX,648,32460,32520,41460
Airbus 330,UA11029,KSTL,KBOS,287,33180,33240,40500
Airbus 330,UA11030,KSTL,LAX,305,26820,26880,37800
Airbus 330,UA11031,KSTL,KPIT,304,31140,31200,35220
Airbus 380,UA11032,KSTL,MEM,565,25980,26040,27780
Airbus 330,UA11033,KSTL,MEM,320,39900,39960,42000
Boeing 747,UA11034,KSTL,KSEA,228,42480,42540,52860
Airbus 330,UA11035,KSTL,CLE,316,42600,42660,46200
Boeing 747,UA11036,KSTL,KSLC,266,37080,37140,44220
Airbus 330,UA11037,KSTL,KBOS,286,34740,34800,42060
Airbus 380,UA11038,KSTL,KPIT,559,36660,36720,40140
Boeing 747,UA11039,KSTL,KPIT,260,39900,39960,43500
Boeing 747,UA11040,KSTL,LIT,264,40500,40560,42600
Airbus 330,UA11041,KSTL,MEM,291,32640,32700,34740
Boeing 747,UA11042,KSTL,MCI,252,43020,43080,44820
Boeing 747,UA11043,KSTL,ORD,247,24660,24720,26580
Airbus 330,UA11044,KSTL,KMCI,284,38580,38640,40560
Airbus 330,UA11045,KSTL,KSLC,273,43140,43200,51240
Boeing 747,UA11046,KSTL,MEM,264,37080,37140,39000
Airbus 380,UA11047,KSTL,ATL,587,23280,23340,26340
Airbus 330,UA11048,KSTL,ORD,281,40380,40440,42480
Airbus 330,UA11049,KSTL,KMSP,300,33000,33060,36360
Airbus 380,UA11050,KSTL,KCLT,551,31200,31260,34800
Airbus 380,UA11051,KSTL,DEN,559,27240,27300,31920
Airbus 330,UA11052,KSTL,KCLT,283,31620,31680,35820
Airbus 380,UA11053,KSTL,KMIA,628,28860,28920,35220
Airbus 380,UA11054,KSTL,KBOS,543,31800,31860,37980
Boeing 747,UA11055,KSTL,DEN,275,34380,34440,39240
Airbus 330,UA11056,KSTL,ORD,285,24840,24900,26940
Boeing 747,UA11057,KSTL,KBOS,241,27240,27300,33720
Airbus 380,UA11058,KSTL,KSAV,544,30180,30240,34380
Airbus 380,UA11059,KSTL,KPIT,585,28140,28200,31620
Boeing 747,UA11060,KSTL,KMIA,249,27840,27900,34500
Airbus 330,UA11061,KSTL,MEM,310,33120,33180,35220
Airbus 330,UA11062,KSTL,KMCI,330,33180,33240,35160
Airbus 330,UA11063,KSTL,MEM,294,25920,25980,28020
Airbus 330,UA11064,KSTL,LIT,293,40200,40260,42540
Boeing 747,UA11065,KSTL,KMIA,227,28860,28920,35520
Airbus 380,UA11066,KSTL,MCI,647,38460,38520,40140
Boeing 747,UA11067,KSTL,MCI,259,34200,34260,36000
Airbus 330,UA11068,KSTL,KBOS,295,27120,27180,34440
Boeing 747,UA11069,KSTL,KBOS,245,28320,28380,34800
Boeing 747,UA11070,KSTL,KMSY,239,34320,34380,38280
Airbus 380,UA11071,KSTL,ORD,615,28980,29040,30780
Boeing 747,UA11072,KSTL,KPHL,227,35940,36000,41100
Boeing 747,UA11073,KSTL,JFK,231,33600,33660,39180
Boeing 747,UA11074,KSTL,KMCI,273,31140,31200,32940
Airbus 380,UA11075,KSTL,KBOS,646,24180,24240,30360
Airbus 380,UA11076,KSTL,LIT,613,41880,41940,43920
Airbus 380,UA11077,KSTL,KMCI,565,26100,26160,27780
Boeing 747,UA11078,KSTL,KBOS,246,39900,39960,46380
Boeing 747,UA11079,KSTL,KMCI,271,40080,40140,41880
Airbus 380,UA11080,KSTL,KPHX,591,22620,22680,30060
Airbus 330,UA11081,KSTL,KMCI,278,34860,34920,36840
Airbus 380,UA11082,KSTL,KPIT,642,21720,21780,25200
Airbus 330,UA11083,KSTL,DEN,285,33780,33840,39300
Boeing 747,UA11084,KSTL,KCLT,275,34320,34380,38040
Boeing 747,UA11085,KSTL,KMIA,273,24900,24960,31560
Boeing 747,UA11086,KSTL,KCLT,236,33300,33360,37020
Airbus 380,UA11087,KSTL,KSLC,567,27000,27060,33840
Airbus 330,UA11088,KSTL,KPHL,281,42360,42420,48180
Airbus 330,UA11089,KSTL,KSEA,288,31860,31920,43620
Airbus 380,UA11090,KSTL,KPHL,543,36840,36900,41760
Boeing 747,UA11091,KSTL,JFK,272,33840,33900,39420
Boeing 747,UA11092,KSTL,KDTW,233,39660,39720,42600
Boeing 747,UA11093,KSTL,MEM,221,34620,34680,36540
Boeing 747,UA11094,KSTL,LIT,224,31560,31620,33660
Airbus 380,UA11095,KSTL,ORD,559,30420,30480,32220
Airbus 380,UA11096,KSTL,KPHX,646,21720,21780,29160
Boeing 747,UA11097,KSTL,MCI,253,35160,35220,36960
Boeing 747,UA11098,KSTL,KPIT,268,31740,31800,35340
Airbus 380,UA11099,KSTL,LIT,526,24960,25020,27000
Airbus 380,UA11100,KPHL,KBOS,637,26340,26400,28260
Airbus 330,UA11101,KPHL,LAX,299,35400,35460,51780
Airbus 380,UA11102,KPHL,MEM,529,24720,24780,30000
Boeing 747,UA11103,KPHL,KSTL,256,25140,25200,30300
Airbus 330,UA11104,KPHL,LAX,271,27300,27360,43680
Airbus 380,UA11105,KPHL,KMSY,581,35640,35700,42120
Airbus 330,UA11106,KPHL,LIT,284,36420,36480,43440
Boeing 747,UA11107,KPHL,CLE,243,30000,30060,32520
Airbus 330,UA11108,KPHL,CLE,302,26400,26460,29220
Boeing 747,UA11109,KPHL,KSLC,237,28740,28800,40380
Airbus 330,UA11110,KPHL,KCVG,281,22320,22380,26100
Airbus 380,UA11111,KPHL,CLE,599,39600,39660,42000
Boeing 747,UA11112,KPHL,JFK,274,34920,34980,35880
Boeing 747,UA11113,KPHL,LAX,263,29700,29760,44100
Airbus 330,UA11114,KPHL,KPIT,329,26280,26340,28440
Boeing 747,UA11115,KPHL,MCI,263,25680,25740,32160
Airbus 380,UA11116,KPHL,KMIA,549,34380,34440,40440
Airbus 380,UA11117,KPHL,KSTL,574,23400,23460,28320
Airbus 330,UA11118,KPHL,SFO,277,26100,26160,43260
Boeing 747,UA11119,KPHL,KSLC,237,34560,34620,46200
Airbus 330,UA11120,KPHL,KSEA,289,31140,31200,47340
Airbus 380,UA11121,KPHL,MCI,602,31320,31380,37500
Airbus 380,UA11122,KPHL,KCVG,569,39300,39360,42480
Boeing 747,UA11123,KPHL,ORD,223,30360,30420,34680
Airbus 330,UA11124,KPHL,ORD,334,31140,31200,36060
Boeing 747,UA11125,KPHL,MCI,257,37500,37560,43980
Airbus 380,UA11126,KPHL,KDTW,576,30180,30240,33120
Boeing 747,UA11127,KPHL,KSEA,272,42480,42540,56760
Airbus 330,UA11128,KPHL,LAX,315,32640,32700,49020
Airbus 330,UA11129,KPHL,KMSP,281,27780,27840,34680
Airbus 330,UA11130,KPHL,MEM,286,38460,38520,44640
Boeing 747,UA11131,KPHL,KMIA,228,38340,38400,44700
Airbus 330,UA11132,KPHL,SFO,312,24600,24660,41760
Airbus 330,UA11133,KPHL,MEM,294,31260,31320,37440
Airbus 380,UA11134,KPHL,CLE,651,39600,39660,42000
Airbus 380,UA11135,KPHL,KDTW,586,31860,31920,34800
Boeing 747,UA11136,KPHL,KNKX,237,30480,30540,44700
Airbus 380,UA11137,KPHL,MEM,544,30900,30960,36180
Airbus 330,UA11138,KPHL,ORD,296,36660,36720,41580
Airbus 330,UA11139,KPHL,KCLT,312,22380,22440,25740
Airbus 330,UA11140,KPHL,KMCI,275,42240,42300,49560
Airbus 380,UA11141,KPHL,KDTW,547,36180,36240,39120
Airbus 330,UA11142,KPHL,KMSP,300,35640,35700,42540
Airbus 330,UA11143,KPHL,MCO,313,36480,36540,42600
Airbus 380,UA11144,KPHL,KSEA,595,38520,38580,52140
Airbus 380,UA11145,KPHL,LAX,617,32820,32880,46560
Airbus 330,UA11146,KPHL,KSEA,304,28920,28980,45120
Boeing 747,UA11147,KPHL,KMSY,269,32640,32700,39420
Airbus 380,UA11148,KPHL,KSLC,579,27420,27480,38520
Boeing 747,UA11149,KPHL,LAX,271,35820,35880,50220
Boeing 747,UA11150,KPHL,MCO,230,41880,41940,47340
Airbus 380,UA11151,KPHL,LAX,522,32760,32820,46500
Airbus 380,UA11152,KPHL,MEM,563,37860,37920,43140
Airbus 380,UA11153,KPHL,KMSY,621,23220,23280,29700
Airbus 330,UA11154,KPHL,KMSY,316,40440,40500,48060
Airbus 330,UA11155,KPHL,KMSY,296,39960,40020,47580
Airbus 380,UA11156,KPHL,LIT,637,28620,28680,34560
Boeing 747,UA11157,KPHL,KMSY,222,26820,26880,33600
Boeing 747,UA11158,KPHL,KBOS,222,34920,34980,36960
Airbus 330,UA11159,KPHL,LIT,284,37440,37500,44460
Boeing 747,UA11160,KPHL,KMCI,241,25380,25440,31860
Airbus 330,UA11161,KPHL,KPHX,292,42240,42300,56460
Airbus 330,UA11162,KPHL,KSAV,278,28440,28500,33000
Airbus 380,UA11163,KPHL,ATL,560,31860,31920,35940
Airbus 380,UA11164,KPHL,KNKX,546,29100,29160,42660
Airbus 380,UA11165,KPHL,MCI,599,30720,30780,36900
Boeing 747,UA11166,KPHL,ATL,224,23040,23100,27300
Airbus 380,UA11167,KPHL,KMSP,550,29520,29580,35340
Airbus 380,UA11168,KPHL,KMSP,553,41340,41400,47160
Airbus 330,UA11169,KPHL,CLE,327,25740,25800,28560
Airbus 330,UA11170,KPHL,SFO,327,38220,38280,55380
Airbus 380,UA11171,KPHL,JFK,556,32340,32400,33240
Airbus 330,UA11172,KPHL,KCLT,308,36840,36900,40200
Airbus 330,UA11173,KPHL,ORD,314,33960,34020,38880
Airbus 330,UA11174,KPHL,SFO,331,39360,39420,56520
Boeing 747,UA11175,KPHL,KMCI,232,21960,22020,28440
Airbus 380,UA11176,KPHL,DEN,609,41280,41340,50340
Airbus 380,UA11177,KPHL,KSEA,532,30360,30420,43980
Airbus 380,UA11178,KPHL,KCVG,554,37740,37800,40920
Boeing 747,UA11179,KPHL,MCO,273,40440,40500,45900
Airbus 330,UA11180,KPHL,KMIA,291,34140,34200,41280
Boeing 747,UA11181,KPHL,KPIT,240,37140,37200,39120
Airbus 330,UA11182,KPHL,KCLT,274,25080,25140,28440
Boeing 747,UA11183,KPHL,KSEA,232,40560,40620,54840
Airbus 330,UA11184,KPHL,LAX,331,24960,25020,41340
Airbus 380,UA11185,KPHL,KDTW,645,34380,34440,37320
Airbus 330,UA11186,KPHL,KMCI,299,38760,38820,46080
Airbus 380,UA11187,KPHL,KSAV,601,22920,22980,26820
Airbus 380,UA11188,KPHL,MCI,637,40260,40320,46440
Boeing 747,UA11189,KPHL,KSLC,251,32160,32220,43800
Airbus 330,UA11190,KPHL,SFO,284,26760,26820,43920
Airbus 330,UA11191,KPHL,KMIA,315,36780,36840,43920
Airbus 380,UA11192,KPHL,KMCI,580,30300,30360,36480
Airbus 330,UA11193,KPHL,LAX,315,37080,37140,53460
Airbus 330,UA11194,KPHL,KSAV,274,22260,22320,26820
Airbus 380,UA11195,KPHL,KSTL,561,39120,39180,44040
Airbus 380,UA11196,KPHL,KCVG,567,36180,36240,39360
Airbus 330,UA11197,KPHL,DEN,288,28140,28200,38880
Airbus 380,UA11198,KPHL,CLE,616,22980,23040,25380
Boeing 747,UA11199,KPHL,KSAV,266,33360,33420,37440
Airbus 330,UA11200,KSLC,KMCI,330,39600,39660,46080
Boeing 747,UA11201,KSLC,KCVG,274,41100,41160,49980
Boeing 747,UA11202,KSLC,KPIT,259,30780,30840,40860
Airbus 330,UA11203,KSLC,JFK,297,31740,31800,45360
Boeing 747,UA11204,KSLC,KDTW,269,37200,37260,46260
Boeing 747,UA11205,KSLC,KMSP,245,36300,36360,42480
Airbus 380,UA11206,KSLC,KPIT,582,38700,38760,48300
Boeing 747,UA11207,KSLC,SFO,241,35880,35940,39780
Boeing 747,UA11208,KSLC,LIT,241,42060,42120,49200
Boeing 747,UA11209,KSLC,MEM,273,40800,40860,48540
Airbus 380,UA11210,KSLC,ATL,590,23820,23880,33060
Boeing 747,UA11211,KSLC,KPHL,272,36480,36540,48120
Boeing 747,UA11212,KSLC,KCLT,254,29640,29700,40140
Airbus 380,UA11213,KSLC,KCLT,601,36720,36780,46740
Airbus 330,UA11214,KSLC,KCVG,293,24540,24600,34560
Boeing 747,UA11215,KSLC,KPIT,251,34440,34500,44520
Boeing 747,UA11216,KSLC,KCVG,230,36540,36600,45420
Airbus 330,UA11217,KSLC,KBOS,325,29940,30000,44340
Boeing 747,UA11218,KSLC,SFO,233,28920,28980,32820
Airbus 330,UA11219,KSLC,KSEA,283,28920,28980,33900
Airbus 380,UA11220,KSLC,KSEA,575,32700,32760,36900
Airbus 380,UA11221,KSLC,KMSY,616,34740,34800,43080
Airbus 330,UA11222,KSLC,SFO,312,32580,32640,36960
Airbus 380,UA11223,KSLC,KMIA,649,39120,39180,51120
Airbus 330,UA11224,KSLC,ORD,323,24840,24900,33540
Airbus 330,UA11225,KSLC,JFK,315,30720,30780,44340
Airbus 380,UA11226,KSLC,KSTL,543,34920,34980,41760
Airbus 330,UA11227,KSLC,KDTW,281,42300,42360,52560
Airbus 380,UA11228,KSLC,ORD,522,33240,33300,40560
Airbus 380,UA11229,KSLC,ORD,617,37800,37860,45120
Boeing 747,UA11230,KSLC,KDTW,228,39900,39960,48960
Airbus 380,UA11231,KSLC,MCI,532,30720,30780,36240
Airbus 330,UA11232,KSLC,ORD,305,25680,25740,34380
Boeing 747,UA11233,KSLC,KSTL,222,27840,27900,34980
Airbus 330,UA11234,KSLC,KMSY,330,36960,37020,46860
Boeing 747,UA11235,KSLC,KBOS,240,24780,24840,37500
Airbus 380,UA11236,KSLC,LIT,617,40200,40260,47040
Airbus 380,UA11237,KSLC,MEM,588,37140,37200,44580
Airbus 330,UA11238,KSLC,KSTL,287,25800,25860,33900
Boeing 747,UA11239,KSLC,KCVG,266,23040,23100,31920
Airbus 380,UA11240,KSLC,KBOS,600,31800,31860,43920
Boeing 747,UA11241,KSLC,KSEA,252,33600,33660,38040
Airbus 330,UA11242,KSLC,KMIA,317,42180,42240,56460
Boeing 747,UA11243,KSLC,KMIA,221,24180,24240,36780
Airbus 380,UA11244,KSLC,CLE,543,25800,25860,34920
Airbus 380,UA11245,KSLC,LAX,615,39120,39180,42780
Airbus 330,UA11246,KSLC,KSTL,294,40680,40740,48780
Airbus 330,UA11247,KSLC,JFK,268,37800,37860,51420
Airbus 380,UA11248,KSLC,KSAV,636,35580,35640,46020
Airbus 380,UA11249,KSLC,DEN,539,38700,38760,41280
Airbus 380,UA11250,KSLC,KMIA,531,39060,39120,51060
Boeing 747,UA11251,KSLC,KPHL,255,40680,40740,52320
Airbus 330,UA11252,KSLC,ATL,313,42240,42300,53220
Airbus 380,UA11253,KSLC,KPIT,581,26280,26340,35880
Boeing 747,UA11254,KSLC,CLE,242,26400,26460,35940
Boeing 747,UA11255,KSLC,MCI,226,37320,37380,43080
Airbus 330,UA11256,KSLC,MEM,326,33660,33720,42420
Boeing 747,UA11257,KSLC,KMCI,226,39360,39420,45120
Boeing 747,UA11258,KSLC,SFO,238,39060,39120,42960
Airbus 380,UA11259,KSLC,KMCI,595,29700,29760,35220
Airbus 330,UA11260,KSLC,KMIA,305,27060,27120,41340
Boeing 747,UA11261,KSLC,KSTL,256,34140,34200,41280
Airbus 330,UA11262,KSLC,KCVG,308,24840,24900,34860
Airbus 380,UA11263,KSLC,LAX,588,40020,40080,43680
Airbus 330,UA11264,KSLC,LIT,312,34800,34860,42900
Airbus 330,UA11265,KSLC,LAX,307,23520,23580,27840
Boeing 747,UA11266,KSLC,ATL,229,37200,37260,46860
Boeing 747,UA11267,KSLC,KCLT,230,23400,23460,33900
Airbus 330,UA11268,KSLC,KMSY,325,25740,25800,35640
Boeing 747,UA11269,KSLC,ORD,275,30300,30360,37980
Airbus 380,UA11270,KSLC,KDTW,613,42600,42660,51240
Airbus 380,UA11271,KSLC,KSTL,562,25920,25980,32760
Airbus 330,UA11272,KSLC,KCLT,309,36000,36060,47880
Boeing 747,UA11273,KSLC,KDTW,228,32040,32100,41100
Airbus 330,UA11274,KSLC,KMIA,334,29880,29940,44160
Airbus 380,UA11275,KSLC,KCLT,542,27120,27180,37140
Boeing 747,UA11276,KSLC,KPHX,249,38160,38220,41520
Airbus 330,UA11277,KSLC,KDTW,315,42660,42720,52920
Boeing 747,UA11278,KSLC,KPHL,252,27960,28020,39600
Airbus 380,UA11279,KSLC,MCI,622,26400,26460,31920
Airbus 330,UA11280,KSLC,KCVG,310,32340,32400,42360
Boeing 747,UA11281,KSLC,MCO,227,30540,30600,42240
Airbus 380,UA11282,KSLC,KMSY,602,35940,36000,44280
Boeing 747,UA11283,KSLC,MCI,250,30300,30360,36060
Airbus 380,UA11284,KSLC,SFO,570,22500,22560,26220
Boeing 747,UA11285,KSLC,KMCI,257,30840,30900,36600
Airbus 330,UA11286,KSLC,KMIA,310,39720,39780,54000
Boeing 747,UA11287,KSLC,KMSY,271,41340,41400,50100
Airbus 330,UA11288,KSLC,CLE,324,25200,25260,36000
Airbus 330,UA11289,KSLC,KMSY,286,21660,21720,31560
Boeing 747,UA11290,KSLC,KSEA,258,39480,39540,43920
Airbus 380,UA11291,KSLC,KDTW,552,40500,40560,49140
Airbus 330,UA11292,KSLC,KSAV,279,21900,21960,34320
Boeing 747,UA11293,KSLC,ORD,258,26220,26280,33900
Boeing 747,UA11294,KSLC,KCVG,269,36120,36180,45000
Airbus 330,UA11295,KSLC,ORD,269,34380,34440,43080
Boeing 747,UA11296,KSLC,KPIT,255,28620,28680,38700
Airbus 330,UA11297,KSLC,KSEA,327,28680,28740,33660
Airbus 380,UA11298,KSLC,KSTL,561,32580,32640,39420
Boeing 747,UA11299,KSLC,LIT,239,36240,36300,43380
Airbus 380,UA11300,KSAV,KCVG,551,23820,23880,27060
Airbus 380,UA11301,KSAV,KCLT,587,33600,33660,35160
Boeing 747,UA11302,KSAV,ATL,268,38100,38160,39720
Airbus 330,UA11303,KSAV,LIT,288,28800,28860,33600
Boeing 747,UA11304,KSAV,CLE,233,24360,24420,28500
Airbus 330,UA11305,KSAV,MCO,325,30840,30900,32940
Boeing 747,UA11306,KSAV,MEM,274,35940,36000,39540
Boeing 747,UA11307,KSAV,KSTL,263,40020,40080,44460
Boeing 747,UA11308,KSAV,KMIA,248,42900,42960,45900
Airbus 380,UA11309,KSAV,MCI,527,30240,30300,35700
Airbus 380,UA11310,KSAV,KBOS,602,33660,33720,39060
Airbus 330,UA11311,KSAV,KSEA,268,42000,42060,58320
Airbus 380,UA11312,KSAV,MCO,564,42600,42660,44400
Airbus 330,UA11313,KSAV,LIT,284,31260,31320,36060
Boeing 747,UA11314,KSAV,KCLT,251,30120,30180,31740
Airbus 380,UA11315,KSAV,MEM,604,33060,33120,36480
Boeing 747,UA11316,KSAV,LAX,227,43080,43140,56040
Airbus 380,UA11317,KSAV,KDTW,617,41160,41220,45480
Boeing 747,UA11318,KSAV,KMSP,245,21660,21720,28440
Boeing 747,UA11319,KSAV,KPIT,235,28740,28800,32520
Airbus 380,UA11320,KSAV,SFO,551,32940,33000,46440
Airbus 380,UA11321,KSAV,MCI,541,29460,29520,34920
Airbus 330,UA11322,KSAV,ATL,283,22200,22260,24000
Airbus 380,UA11323,KSAV,JFK,618,41040,41100,45420
Boeing 747,UA11324,KSAV,ATL,275,42060,42120,43680
Airbus 380,UA11325,KSAV,ORD,605,30120,30180,34800
Boeing 747,UA11326,KSAV,JFK,265,22920,22980,27540
Boeing 747,UA11327,KSAV,KMIA,250,27600,27660,30600
Boeing 747,UA11328,KSAV,KMIA,275,32220,32280,35220
Boeing 747,UA11329,KSAV,LIT,254,33660,33720,37920
Airbus 380,UA11330,KSAV,KSLC,570,22740,22800,33180
Airbus 330,UA11331,KSAV,KSEA,312,26640,26700,42960
Boeing 747,UA11332,KSAV,CLE,268,40800,40860,44940
Boeing 747,UA11333,KSAV,KMSY,223,22920,22980,26580
Airbus 330,UA11334,KSAV,DEN,299,26340,26400,36120
Airbus 330,UA11335,KSAV,SFO,293,35580,35640,51600
Boeing 747,UA11336,KSAV,KSEA,225,42900,42960,57300
Airbus 380,UA11337,KSAV,ATL,628,26280,26340,27840
Airbus 380,UA11338,KSAV,KCLT,536,33540,33600,35100
Airbus 330,UA11339,KSAV,LAX,271,22560,22620,37260
Airbus 330,UA11340,KSAV,LAX,288,28800,28860,43500
Airbus 380,UA11341,KSAV,MCI,593,33060,33120,38520
Airbus 380,UA11342,KSAV,KDTW,594,40620,40680,44940
Boeing 747,UA11343,KSAV,ORD,253,25080,25140,30000
Airbus 330,UA11344,KSAV,LIT,298,23280,23340,28080
Airbus 330,UA11345,KSAV,KMIA,277,37800,37860,41100
Airbus 380,UA11346,KSAV,KPHX,622,21900,21960,32220
Airbus 330,UA11347,KSAV,KDTW,298,28560,28620,33660
Boeing 747,UA11348,KSAV,KMSP,241,40140,40200,46920
Airbus 330,UA11349,KSAV,DEN,331,40800,40860,50580
Boeing 747,UA11350,KSAV,ATL,245,36000,36060,37620
Airbus 330,UA11351,KSAV,ORD,281,24420,24480,29940
Airbus 380,UA11352,KSAV,KDTW,612,31320,31380,35640
Airbus 330,UA11353,KSAV,KSEA,282,29940,30000,46260
Airbus 330,UA11354,KSAV,KMSP,299,28500,28560,36180
Airbus 380,UA11355,KSAV,JFK,642,25080,25140,29460
Airbus 380,UA11356,KSAV,KCVG,628,39960,40020,43200
Boeing 747,UA11357,KSAV,KBOS,234,31260,31320,36900
Airbus 330,UA11358,KSAV,MCO,284,30720,30780,32820
Airbus 330,UA11359,KSAV,KNKX,290,37800,37860,52080
Airbus 380,UA11360,KSAV,KMCI,548,42660,42720,48120
Boeing 747,UA11361,KSAV,SFO,256,24660,24720,38820
Boeing 747,UA11362,KSAV,MEM,243,22980,23040,26580
Airbus 380,UA11363,KSAV,KSEA,561,27600,27660,41340
Airbus 330,UA11364,KSAV,MEM,278,38520,38580,42540
Airbus 380,UA11365,KSAV,KCVG,572,23280,23340,26520
Airbus 380,UA11366,KSAV,SFO,560,36240,36300,49740
Airbus 380,UA11367,KSAV,KMIA,560,41040,41100,43860
Boeing 747,UA11368,KSAV,KBOS,223,41100,41160,46740
Airbus 380,UA11369,KSAV,KSLC,638,36480,36540,46920
Airbus 330,UA11370,KSAV,LAX,334,32160,32220,46860
Boeing 747,UA11371,KSAV,KMSP,268,35940,36000,42720
Boeing 747,UA11372,KSAV,LAX,248,34260,34320,47220
Boeing 747,UA11373,KSAV,CLE,256,42180,42240,46320
Airbus 330,UA11374,KSAV,KMSY,324,36180,36240,40260
Boeing 747,UA11375,KSAV,MCI,248,35400,35460,41100
Airbus 330,UA11376,KSAV,KPHX,310,42900,42960,55200
Airbus 380,UA11377,KSAV,MCI,547,24900,24960,30360
Airbus 380,UA11378,KSAV,DEN,634,41580,41640,49860
Airbus 380,UA11379,KSAV,KMSY,534,34500,34560,37980
Boeing 747,UA11380,KSAV,LIT,231,34980,35040,39240
Boeing 747,UA11381,KSAV,LAX,263,42480,42540,55440
Airbus 380,UA11382,KSAV,ATL,614,27540,27600,29100
Airbus 380,UA11383,KSAV,CLE,646,36600,36660,40560
Airbus 380,UA11384,KSAV,KDTW,636,34560,34620,38880
Boeing 747,UA11385,KSAV,DEN,261,31680,31740,40320
Boeing 747,UA11386,KSAV,KSEA,242,31620,31680,46020
Boeing 747,UA11387,KSAV,KSEA,240,24420,24480,38820
Airbus 380,UA11388,KSAV,MCO,637,36000,36060,37800
Airbus 330,UA11389,KSAV,CLE,287,41280,41340,45960
Airbus 330,UA11390,KSAV,ATL,273,40200,40260,42000
Airbus 380,UA11391,KSAV,KSEA,648,43140,43200,56880
Airbus 380,UA11392,KSAV,KPIT,554,24120,24180,27720
Airbus 330,UA11393,KSAV,ATL,318,30480,30540,32280
Airbus 330,UA11394,KSAV,KMSY,287,23880,23940,27960
Boeing 747,UA11395,KSAV,MCI,245,42060,42120,47760
Airbus 330,UA11396,KSAV,KMSY,310,41760,41820,45840
Airbus 330,UA11397,KSAV,MEM,286,33120,33180,37140
Boeing 747,UA11398,KSAV,KPIT,262,35700,35760,39480
Boeing 747,UA11399,KSAV,KDTW,246,28860,28920,33360
