airFlightNum,eventTime,eventPriority,eventType
UA20268,21600,1,0
UA20334,21600,1,0
UA20397,21660,1,0
UA20892,21660,1,0
UA21254,21660,1,0
UA20268,21660,1,1
UA20334,21660,1,1
UA20169,21720,1,0
UA21033,21720,1,0
UA21233,21720,1,0
UA20397,21720,1,1
UA20892,21720,1,1
UA21254,21720,1,1
UA20495,21780,1,0
UA20169,21780,1,1
UA21033,21780,1,1
UA21233,21780,1,1
UA20131,21840,1,0
UA20166,21840,1,0
UA20256,21840,1,0
UA20289,21840,1,0
UA20552,21840,1,0
UA20751,21840,1,0
UA20495,21840,1,1
UA11082,3077,1,2
UA11082,3137,1,3
UA10418,3561,1,2
UA10418,3621,1,3
UA10253,3993,1,2
UA10253,4053,1,3
UA10259,4939,1,2
UA10259,4999,1,3
UA10946,5443,1,2
UA10946,5503,1,3
UA11096,7023,1,2
UA11096,7083,1,3
UA11289,9508,1,2
UA11289,9568,1,3
UA10029,11110,1,2
UA10029,11170,1,3
UA20334,12636,1,2
UA21254,14126,1,2
UA21254,14186,1,3
UA10860,15047,10,2
UA10860,15107,1,3
UA20022,21900,1,0
UA20630,21900,1,0
UA20843,21900,1,0
UA20962,21900,1,0
UA21053,21900,1,0
UA20131,21900,1,1
UA20166,21900,1,1
UA20256,21900,1,1
UA20289,21900,1,1
UA20552,21900,1,1
UA20751,21900,1,1
UA20334,21901,1,2
UA20708,21960,1,0
UA20987,21960,1,0
UA21198,21960,1,0
UA20022,21960,1,1
UA20630,21960,1,1
UA20843,21960,1,1
UA20962,21960,1,1
UA21053,21960,1,1
UA20334,21961,1,3
UA20673,22020,1,0
UA20696,22020,1,0
UA21170,22020,1,0
UA20708,22020,1,1
UA20987,22020,1,1
UA21198,22020,1,1
UA20014,22080,1,0
UA20396,22080,1,0
UA20458,22080,1,0
UA20673,22080,1,1
UA20696,22080,1,1
UA21170,22080,1,1
UA20773,22140,1,0
UA21143,22140,1,0
UA20014,22140,1,1
UA20396,22140,1,1
UA20458,22140,1,1
UA21170,2441,1,2
UA21170,2501,1,3
UA10577,2615,1,2
UA10577,2675,1,3
UA20673,3818,1,2
UA20673,3878,1,3
UA10137,4609,1,2
UA10137,4669,1,3
UA20014,5538,1,2
UA20014,5598,1,3
UA10694,5815,1,2
UA10694,5875,1,3
UA11175,6065,1,2
UA11175,6125,1,3
UA10475,6273,1,2
UA10475,6333,1,3
UA20696,6396,1,2
UA20696,6456,1,3
UA20962,7150,1,2
UA10308,7150,1,2
UA20962,7210,1,3
UA10308,7210,1,3
UA10208,8013,1,2
UA10208,8073,1,3
UA20987,8763,1,2
UA20987,8823,1,3
UA11346,9955,1,2
UA11346,10015,1,3
UA20256,12780,1,2
UA20256,12840,1,3
UA20751,13886,1,2
UA20751,13946,1,3
UA20630,15175,10,2
UA20630,15235,1,3
UA20132,22200,1,0
UA20217,22200,1,0
UA20774,22200,1,0
UA20877,22200,1,0
UA20773,22200,1,1
UA21143,22200,1,1
UA20272,22260,1,0
UA21075,22260,1,0
UA20132,22260,1,1
UA20217,22260,1,1
UA20774,22260,1,1
UA20877,22260,1,1
UA20142,22320,1,0
UA20145,22320,1,0
UA20563,22320,1,0
UA20985,22320,1,0
UA21086,22320,1,0
UA21182,22320,1,0
UA20272,22320,1,1
UA21075,22320,1,1
UA20114,22380,1,0
UA21016,22380,1,0
UA20142,22380,1,1
UA20145,22380,1,1
UA20563,22380,1,1
UA20985,22380,1,1
UA21086,22380,1,1
UA21182,22380,1,1
UA20114,22381,1,0
UA20414,22440,1,0
UA20439,22440,1,0
UA20562,22440,1,0
UA21137,22440,1,0
UA21016,22440,1,1
UA20114,22441,1,1
UA11139,2987,1,2
UA11139,3047,1,3
UA21016,3128,1,2
UA21016,3188,1,3
UA20985,3542,1,2
UA20985,3602,1,3
UA10116,4447,1,2
UA10116,4507,1,3
UA21182,4894,1,2
UA21182,4954,1,3
UA20774,6177,1,2
UA20774,6237,1,3
UA20877,6400,1,2
UA20877,6460,1,3
UA20114,7175,1,2
UA20114,7235,1,3
UA20145,8577,1,2
UA20145,8637,1,3
UA21075,10367,1,2
UA20563,10367,1,2
UA21075,10427,1,3
UA20563,10427,1,3
UA10153,12509,1,2
UA10153,12569,1,3
UA21086,15277,10,2
UA21086,15337,1,3
UA20155,22500,1,0
UA20966,22500,1,0
UA20414,22500,1,1
UA20439,22500,1,1
UA20562,22500,1,1
UA21137,22500,1,1
UA20050,22560,1,0
UA20151,22560,1,0
UA20417,22560,1,0
UA20560,22560,1,0
UA21275,22560,1,0
UA20155,22560,1,1
UA20966,22560,1,1
UA20083,22620,1,0
UA20098,22620,1,0
UA20277,22620,1,0
UA20301,22620,1,0
UA20530,22620,1,0
UA20536,22620,1,0
UA20754,22620,1,0
UA21099,22620,1,0
UA21152,22620,1,0
UA20050,22620,1,1
UA20151,22620,1,1
UA20417,22620,1,1
UA20560,22620,1,1
UA21275,22620,1,1
UA20098,22621,1,0
UA20179,22680,1,0
UA20421,22680,1,0
UA21006,22680,1,0
UA20083,22680,1,1
UA20277,22680,1,1
UA20301,22680,1,1
UA20530,22680,1,1
UA20536,22680,1,1
UA20754,22680,1,1
UA21099,22680,1,1
UA21152,22680,1,1
UA20098,22681,1,1
UA20110,22740,1,0
UA20631,22740,1,0
UA20839,22740,1,0
UA21050,22740,1,0
UA20179,22740,1,1
UA20421,22740,1,1
UA21006,22740,1,1
UA20421,1127,1,2
UA20421,1187,1,3
UA10239,1560,1,2
UA10239,1620,1,3
UA10508,2187,1,2
UA10508,2247,1,3
UA10627,2942,1,2
UA10627,3002,1,3
UA11284,3336,1,2
UA11284,3396,1,3
UA20966,4613,1,2
UA20439,4659,1,2
UA20966,4673,1,3
UA20439,4719,1,3
UA20562,6483,1,2
UA20562,6543,1,3
UA11080,7023,1,2
UA11080,7083,1,3
UA20179,7538,1,2
UA20179,7598,1,3
UA10966,7679,1,2
UA10966,7739,1,3
UA21152,8577,1,2
UA21152,8637,1,3
UA10847,9107,1,2
UA10847,9167,1,3
UA20536,10287,1,2
UA20536,10347,1,3
UA20560,10367,1,2
UA20560,10427,1,3
UA20050,10808,1,2
UA20050,10868,1,3
UA21099,13323,1,2
UA21099,13383,1,3
UA21006,13425,1,2
UA21006,13485,1,3
UA20417,14309,10,2
UA20417,14369,1,3
UA10864,16593,10,2
UA10864,16653,1,3
UA10801,17987,10,2
UA10801,18047,1,3
UA21275,18140,10,2
UA21275,18200,1,3
UA20168,22800,1,0
UA20110,22800,1,1
UA20631,22800,1,1
UA20839,22800,1,1
UA21050,22800,1,1
UA20470,22860,1,0
UA20633,22860,1,0
UA21278,22860,1,0
UA20168,22860,1,1
UA20825,22920,1,0
UA20957,22920,1,0
UA21171,22920,1,0
UA20470,22920,1,1
UA20633,22920,1,1
UA21278,22920,1,1
UA20597,22980,1,0
UA20638,22980,1,0
UA20641,22980,1,0
UA20686,22980,1,0
UA20825,22980,1,1
UA20957,22980,1,1
UA21171,22980,1,1
UA20009,23040,1,0
UA20344,23040,1,0
UA20572,23040,1,0
UA20837,23040,1,0
UA20597,23040,1,1
UA20638,23040,1,1
UA20641,23040,1,1
UA20686,23040,1,1
UA10720,1468,1,2
UA10720,1528,1,3
UA11198,2018,1,2
UA21050,2042,1,2
UA11198,2078,1,3
UA21050,2102,1,3
UA10303,3112,1,2
UA10303,3172,1,3
UA11333,3254,1,2
UA11333,3314,1,3
UA11326,4203,1,2
UA11326,4263,1,3
UA10413,4323,1,2
UA10413,4383,1,3
UA10273,5586,1,2
UA10273,5646,1,3
UA20957,5808,1,2
UA20957,5868,1,3
UA20825,6244,1,2
UA20825,6304,1,3
UA20633,6396,1,2
UA20633,6456,1,3
UA20168,6559,1,2
UA20168,6619,1,3
UA10931,6939,1,2
UA10931,6999,1,3
UA10185,7010,1,2
UA10185,7070,1,3
UA20110,7818,1,2
UA20110,7878,1,3
UA10920,9297,1,2
UA10920,9357,1,3
UA10110,11907,1,2
UA10110,11967,1,3
UA10146,12509,1,2
UA10146,12569,1,3
UA20624,23100,1,0
UA20662,23100,1,0
UA20009,23100,1,1
UA20344,23100,1,1
UA20572,23100,1,1
UA20837,23100,1,1
UA20338,23160,1,0
UA20426,23160,1,0
UA20776,23160,1,0
UA21122,23160,1,0
UA20624,23160,1,1
UA20662,23160,1,1
UA20092,23220,1,0
UA21022,23220,1,0
UA20338,23220,1,1
UA20426,23220,1,1
UA20776,23220,1,1
UA21122,23220,1,1
UA20348,23280,1,0
UA20388,23280,1,0
UA20585,23280,1,0
UA20632,23280,1,0
UA20991,23280,1,0
UA21121,23280,1,0
UA20092,23280,1,1
UA21022,23280,1,1
UA20113,23340,1,0
UA20591,23340,1,0
UA21159,23340,1,0
UA20348,23340,1,1
UA20388,23340,1,1
UA20585,23340,1,1
UA20632,23340,1,1
UA20991,23340,1,1
UA21121,23340,1,1
UA11023,1318,1,2
UA11023,1378,1,3
UA10190,2367,1,2
UA10190,2427,1,3
UA21022,2441,1,2
UA21022,2501,1,3
UA20426,3128,1,2
UA20426,3188,1,3
UA20572,3810,1,2
UA20572,3870,1,3
UA10113,4050,1,2
UA10113,4110,1,3
UA10564,4146,1,2
UA10564,4206,1,3
UA10248,4673,1,2
UA10248,4733,1,3
UA10934,4833,1,2
UA10934,4893,1,3
UA10974,6010,1,2
UA11153,6064,1,2
UA10974,6070,1,3
UA11153,6124,1,3
UA20624,6341,1,2
UA20624,6401,1,3
UA20585,6943,1,2
UA20585,7003,1,3
UA10769,7108,1,2
UA10769,7168,1,3
UA20776,7874,1,2
UA20776,7934,1,3
UA20632,9522,1,2
UA20632,9582,1,3
UA10981,10013,1,2
UA10981,10073,1,3
UA10007,11824,1,2
UA10007,11884,1,3
UA20324,23400,1,0
UA20384,23400,1,0
UA20603,23400,1,0
UA20670,23400,1,0
UA21144,23400,1,0
UA20113,23400,1,1
UA20591,23400,1,1
UA21159,23400,1,1
UA20324,23460,1,1
UA20384,23460,1,1
UA20603,23460,1,1
UA20670,23460,1,1
UA21144,23460,1,1
UA20064,23520,1,0
UA20073,23520,1,0
UA20410,23520,1,0
UA21149,23520,1,0
UA20061,23580,1,0
UA20852,23580,1,0
UA21168,23580,1,0
UA21175,23580,1,0
UA20064,23580,1,1
UA20073,23580,1,1
UA20410,23580,1,1
UA21149,23580,1,1
UA20061,23581,1,0
UA20538,23640,1,0
UA20593,23640,1,0
UA21277,23640,1,0
UA20852,23640,1,1
UA21168,23640,1,1
UA21175,23640,1,1
UA20061,23641,1,1
UA21168,618,1,2
UA21168,678,1,3
UA21144,1118,1,2
UA21144,1178,1,3
UA10757,1700,1,2
UA10757,1760,1,3
UA10719,1865,1,2
UA10719,1925,1,3
UA10023,2059,1,2
UA10023,2119,1,3
UA20061,2360,1,2
UA20061,2420,1,3
UA20852,2790,1,2
UA20852,2850,1,3
UA10144,3094,1,2
UA10144,3154,1,3
UA10316,4500,1,2
UA10316,4560,1,3
UA21175,5949,1,2
UA21175,6009,1,3
UA10352,6501,1,2
UA10352,6561,1,3
UA10625,7386,1,2
UA10625,7446,1,3
UA11267,10094,1,2
UA11267,10154,1,3
UA20113,10808,1,2
UA20113,10868,1,3
UA20064,14389,10,2
UA20064,14449,1,3
UA21149,14991,10,2
UA21149,15051,1,3
UA20126,23700,1,0
UA20535,23700,1,0
UA20663,23700,1,0
UA20916,23700,1,0
UA20538,23700,1,1
UA20593,23700,1,1
UA21277,23700,1,1
UA20291,23760,1,0
UA20805,23760,1,0
UA21157,23760,1,0
UA20126,23760,1,1
UA20535,23760,1,1
UA20663,23760,1,1
UA20916,23760,1,1
UA20239,23820,1,0
UA20454,23820,1,0
UA20544,23820,1,0
UA20628,23820,1,0
UA20291,23820,1,1
UA20805,23820,1,1
UA21157,23820,1,1
UA20123,23880,1,0
UA21148,23880,1,0
UA21188,23880,1,0
UA21193,23880,1,0
UA21204,23880,1,0
UA20239,23880,1,1
UA20454,23880,1,1
UA20544,23880,1,1
UA20628,23880,1,1
UA20237,23940,1,0
UA20240,23940,1,0
UA21061,23940,1,0
UA21077,23940,1,0
UA21102,23940,1,0
UA20123,23940,1,1
UA21148,23940,1,1
UA21188,23940,1,1
UA21193,23940,1,1
UA21204,23940,1,1
UA10884,1241,1,2
UA10884,1301,1,3
UA10726,1526,1,2
UA10726,1586,1,3
UA10020,2059,1,2
UA10020,2119,1,3
UA20538,3354,1,2
UA20538,3414,1,3
UA11394,3703,1,2
UA11394,3763,1,3
UA10022,4797,1,2
UA10022,4857,1,3
UA20123,6244,1,2
UA20123,6304,1,3
UA21157,12066,1,2
UA21157,12126,1,3
UA20239,12780,1,2
UA20239,12840,1,3
UA10097,14755,10,2
UA10097,14815,1,3
UA20454,14941,10,2
UA21204,14941,10,2
UA20454,15001,1,3
UA21204,15001,1,3
UA10637,16224,10,2
UA10637,16284,1,3
UA20075,24000,1,0
UA20278,24000,1,0
UA20352,24000,1,0
UA20655,24000,1,0
UA20732,24000,1,0
UA21030,24000,1,0
UA20237,24000,1,1
UA20240,24000,1,1
UA21061,24000,1,1
UA21077,24000,1,1
UA21102,24000,1,1
UA20278,24001,1,0
UA20141,24060,1,0
UA20613,24060,1,0
UA20765,24060,1,0
UA20834,24060,1,0
UA21183,24060,1,0
UA20075,24060,1,1
UA20352,24060,1,1
UA20655,24060,1,1
UA20732,24060,1,1
UA21030,24060,1,1
UA20278,24061,1,1
UA20406,24120,1,0
UA20690,24120,1,0
UA21178,24120,1,0
UA20141,24120,1,1
UA20613,24120,1,1
UA20765,24120,1,1
UA20834,24120,1,1
UA21183,24120,1,1
UA20040,24180,1,0
UA20753,24180,1,0
UA20801,24180,1,0
UA20817,24180,1,0
UA21138,24180,1,0
UA20406,24180,1,1
UA20690,24180,1,1
UA21178,24180,1,1
UA20466,24240,1,0
UA20588,24240,1,0
UA20906,24240,1,0
UA20040,24240,1,1
UA20753,24240,1,1
UA20801,24240,1,1
UA20817,24240,1,1
UA21138,24240,1,1
UA20352,633,1,2
UA20352,693,1,3
UA10136,2253,1,2
UA10276,2295,1,2
UA10136,2313,1,3
UA10276,2355,1,3
UA10725,2997,1,2
UA10725,3057,1,3
UA10963,3087,1,2
UA10963,3147,1,3
UA11392,3236,1,2
UA11392,3296,1,3
UA20040,3604,1,2
UA20040,3664,1,3
UA20732,3810,1,2
UA20732,3870,1,3
UA10188,3972,1,2
UA10188,4032,1,3
UA10329,4043,1,2
UA10329,4103,1,3
UA21183,4299,1,2
UA10250,4323,1,2
UA20753,4336,1,2
UA21183,4359,1,3
UA10250,4383,1,3
UA20753,4396,1,3
UA21138,5119,1,2
UA21138,5179,1,3
UA10684,6109,1,2
UA10684,6169,1,3
UA20655,6341,1,2
UA20655,6401,1,3
UA20834,6723,1,2
UA20834,6783,1,3
UA20801,9767,1,2
UA20801,9827,1,3
UA10464,9883,1,2
UA10464,9943,1,3
UA10650,11396,1,2
UA10650,11456,1,3
UA11243,12221,1,2
UA11243,12281,1,3
UA10096,12967,1,2
UA10096,13027,1,3
UA20690,13121,1,2
UA20690,13181,1,3
UA20406,13621,1,2
UA20406,13681,1,3
UA21030,15277,10,2
UA21030,15337,1,3
UA20478,24300,1,0
UA20508,24300,1,0
UA20547,24300,1,0
UA20466,24300,1,1
UA20588,24300,1,1
UA20906,24300,1,1
UA20895,24360,1,0
UA20955,24360,1,0
UA21226,24360,1,0
UA20478,24360,1,1
UA20508,24360,1,1
UA20547,24360,1,1
UA20350,24420,1,0
UA20947,24420,1,0
UA21237,24420,1,0
UA20895,24420,1,1
UA20955,24420,1,1
UA21226,24420,1,1
UA20044,24480,1,0
UA20350,24480,1,1
UA20947,24480,1,1
UA21237,24480,1,1
UA20056,24540,1,0
UA20387,24540,1,0
UA20044,24540,1,1
UA20044,1981,1,2
UA10657,1994,1,2
UA20044,2041,1,3
UA10657,2054,1,3
UA11304,3763,1,2
UA11304,3823,1,3
UA10448,4265,1,2
UA10448,4325,1,3
UA10517,4340,1,2
UA10517,4400,1,3
UA10266,4673,1,2
UA10266,4733,1,3
UA11025,5163,1,2
UA11025,5223,1,3
UA20906,6189,1,2
UA20906,6249,1,3
UA10792,6335,1,2
UA10792,6395,1,3
UA10344,7398,1,2
UA10344,7458,1,3
UA10608,10617,1,2
UA10608,10677,1,3
UA20466,10807,1,2
UA20466,10867,1,3
UA21226,11239,1,2
UA21226,11299,1,3
UA20547,12585,1,2
UA20547,12645,1,3
UA10888,12797,1,2
UA10888,12857,1,3
UA11387,13999,1,2
UA11387,14059,1,3
UA20601,24600,1,0
UA21179,24600,1,0
UA20056,24600,1,1
UA20387,24600,1,1
UA21110,24660,1,0
UA21210,24660,1,0
UA21290,24660,1,0
UA21296,24660,1,0
UA20601,24660,1,1
UA21179,24660,1,1
UA20215,24720,1,0
UA20335,24720,1,0
UA20550,24720,1,0
UA20605,24720,1,0
UA21026,24720,1,0
UA21194,24720,1,0
UA21110,24720,1,1
UA21210,24720,1,1
UA21290,24720,1,1
UA21296,24720,1,1
UA20692,24780,1,0
UA20963,24780,1,0
UA21267,24780,1,0
UA20215,24780,1,1
UA20335,24780,1,1
UA20550,24780,1,1
UA20605,24780,1,1
UA21026,24780,1,1
UA21194,24780,1,1
UA20425,24840,1,0
UA21093,24840,1,0
UA21240,24840,1,0
UA20692,24840,1,1
UA20963,24840,1,1
UA21267,24840,1,1
UA10102,1323,1,2
UA10102,1383,1,3
UA10758,1468,1,2
UA10758,1528,1,3
UA20387,2523,1,2
UA20387,2583,1,3
UA10525,3468,1,2
UA10525,3528,1,3
UA21026,3818,1,2
UA21026,3878,1,3
UA10756,4230,1,2
UA10756,4290,1,3
UA20963,5379,1,2
UA20963,5439,1,3
UA20056,5538,1,2
UA20056,5598,1,3
UA20550,5808,1,2
UA20550,5868,1,3
UA10270,5904,1,2
UA10234,5904,1,2
UA10755,5946,1,2
UA21179,5949,1,2
UA10270,5964,1,3
UA10234,5964,1,3
UA10755,6006,1,3
UA21179,6009,1,3
UA20605,10003,1,2
UA20605,10063,1,3
UA21110,12414,1,2
UA21110,12474,1,3
UA21290,12683,1,2
UA21290,12743,1,3
UA11361,13745,1,2
UA11361,13805,1,3
UA20215,15277,10,2
UA20215,15337,1,3
UA21296,15941,10,2
UA21296,16001,1,3
UA11132,16771,10,2
UA11132,16831,1,3
UA20065,24900,1,0
UA20815,24900,1,0
UA20934,24900,1,0
UA21253,24900,1,0
UA20425,24900,1,1
UA21093,24900,1,1
UA21240,24900,1,1
UA20088,24960,1,0
UA20250,24960,1,0
UA20477,24960,1,0
UA20498,24960,1,0
UA20793,24960,1,0
UA20797,24960,1,0
UA20833,24960,1,0
UA21004,24960,1,0
UA21202,24960,1,0
UA20065,24960,1,1
UA20815,24960,1,1
UA20934,24960,1,1
UA21253,24960,1,1
UA20214,25020,1,0
UA20088,25020,1,1
UA20250,25020,1,1
UA20477,25020,1,1
UA20498,25020,1,1
UA20793,25020,1,1
UA20797,25020,1,1
UA20833,25020,1,1
UA21004,25020,1,1
UA21202,25020,1,1
UA20226,25080,1,0
UA20314,25080,1,0
UA20951,25080,1,0
UA20214,25080,1,1
UA20097,25140,1,0
UA20573,25140,1,0
UA21057,25140,1,0
UA20226,25140,1,1
UA20314,25140,1,1
UA20951,25140,1,1
UA20815,633,1,2
UA20815,693,1,3
UA20498,1073,1,2
UA20498,1133,1,3
UA10200,1305,1,2
UA10200,1365,1,3
UA11182,2987,1,2
UA21093,3015,1,2
UA11182,3047,1,3
UA21093,3075,1,3
UA10938,3974,1,2
UA11355,4001,1,2
UA10938,4034,1,3
UA11355,4061,1,3
UA10321,4516,1,2
UA21202,4526,1,2
UA10321,4576,1,3
UA21202,4586,1,3
UA10951,4833,1,2
UA10951,4893,1,3
UA10052,5592,1,2
UA10052,5652,1,3
UA11085,6265,1,2
UA20088,6302,1,2
UA10466,6324,1,2
UA11085,6325,1,3
UA20314,6341,1,2
UA20088,6362,1,3
UA10466,6384,1,3
UA20314,6401,1,3
UA20214,6438,1,2
UA20214,6498,1,3
UA10874,6570,1,2
UA10874,6630,1,3
UA10949,6840,1,2
UA10949,6900,1,3
UA20065,7874,1,2
UA20065,7934,1,3
UA10909,8800,1,2
UA10909,8860,1,3
UA10214,9579,1,2
UA10214,9639,1,3
UA20934,9972,1,2
UA10985,10013,1,2
UA20934,10032,1,3
UA10985,10073,1,3
UA10863,10247,1,2
UA10863,10307,1,3
UA20833,11258,1,2
UA20833,11318,1,3
UA10708,11479,1,2
UA10708,11539,1,3
UA21253,12414,1,2
UA21253,12474,1,3
UA10156,14234,1,2
UA10156,14294,1,3
UA20063,25200,1,0
UA20135,25200,1,0
UA20431,25200,1,0
UA20097,25200,1,1
UA20573,25200,1,1
UA21057,25200,1,1
UA21062,25260,1,0
UA20063,25260,1,1
UA20135,25260,1,1
UA20431,25260,1,1
UA20043,25320,1,0
UA20138,25320,1,0
UA20146,25320,1,0
UA20382,25320,1,0
UA21007,25320,1,0
UA21090,25320,1,0
UA21126,25320,1,0
UA21130,25320,1,0
UA21291,25320,1,0
UA21062,25320,1,1
UA20243,25380,1,0
UA20727,25380,1,0
UA21276,25380,1,0
UA20043,25380,1,1
UA20138,25380,1,1
UA20146,25380,1,1
UA20382,25380,1,1
UA21007,25380,1,1
UA21090,25380,1,1
UA21126,25380,1,1
UA21130,25380,1,1
UA21291,25380,1,1
UA21049,25440,1,0
UA21176,25440,1,0
UA21249,25440,1,0
UA20243,25440,1,1
UA20727,25440,1,1
UA21276,25440,1,1
UA10091,2251,1,2
UA10091,2311,1,3
UA21057,2616,1,2
UA21057,2676,1,3
UA10839,2758,1,2
UA10839,2818,1,3
UA20146,3354,1,2
UA20146,3414,1,3
UA10268,3509,1,2
UA10268,3569,1,3
UA21276,3978,1,2
UA21276,4038,1,3
UA21130,4894,1,2
UA21130,4954,1,3
UA20431,5005,1,2
UA20431,5065,1,3
UA11160,6065,1,2
UA21126,6120,1,2
UA11160,6125,1,3
UA21126,6180,1,3
UA20573,7377,1,2
UA20573,7437,1,3
UA10896,7477,1,2
UA10896,7537,1,3
UA20382,10156,1,2
UA20382,10216,1,3
UA11288,10406,1,2
UA11288,10466,1,3
UA20960,25500,1,0
UA20988,25500,1,0
UA21049,25500,1,1
UA21176,25500,1,1
UA21249,25500,1,1
UA20137,25560,1,0
UA20200,25560,1,0
UA20835,25560,1,0
UA21177,25560,1,0
UA20960,25560,1,1
UA20988,25560,1,1
UA21215,25620,1,0
UA21257,25620,1,0
UA20137,25620,1,1
UA20200,25620,1,1
UA20835,25620,1,1
UA21177,25620,1,1
UA20411,25680,1,0
UA20736,25680,1,0
UA21019,25680,1,0
UA21242,25680,1,0
UA21215,25680,1,1
UA21257,25680,1,1
UA20340,25740,1,0
UA20733,25740,1,0
UA20875,25740,1,0
UA20411,25740,1,1
UA20736,25740,1,1
UA21019,25740,1,1
UA21242,25740,1,1
UA10705,1494,1,2
UA10705,1554,1,3
UA10311,3112,1,2
UA10311,3172,1,3
UA21242,3978,1,2
UA21242,4038,1,3
UA20960,4043,1,2
UA10331,4043,1,2
UA20960,4103,1,3
UA10331,4103,1,3
UA21176,6769,1,2
UA21176,6829,1,3
UA20137,7986,1,2
UA20137,8046,1,3
UA20411,8615,1,2
UA20411,8675,1,3
UA10406,9883,1,2
UA10406,9943,1,3
UA10661,11239,1,2
UA10661,11299,1,3
UA21257,13323,1,2
UA21257,13383,1,3
UA21249,14126,1,2
UA21249,14186,1,3
UA21215,16100,10,2
UA21215,16160,1,3
UA20235,25800,1,0
UA20345,25800,1,0
UA20809,25800,1,0
UA20953,25800,1,0
UA20340,25800,1,1
UA20733,25800,1,1
UA20875,25800,1,1
UA20222,25860,1,0
UA21018,25860,1,0
UA21286,25860,1,0
UA20235,25860,1,1
UA20345,25860,1,1
UA20809,25860,1,1
UA20953,25860,1,1
UA20569,25920,1,0
UA20993,25920,1,0
UA21039,25920,1,0
UA20222,25920,1,1
UA21018,25920,1,1
UA21286,25920,1,1
UA20027,25980,1,0
UA20249,25980,1,0
UA20919,25980,1,0
UA20971,25980,1,0
UA20569,25980,1,1
UA20993,25980,1,1
UA21039,25980,1,1
UA20893,26040,1,0
UA21079,26040,1,0
UA20027,26040,1,1
UA20249,26040,1,1
UA20919,26040,1,1
UA20971,26040,1,1
UA10724,1700,1,2
UA10724,1760,1,3
UA10429,2014,1,2
UA10429,2074,1,3
UA11169,2412,1,2
UA11169,2472,1,3
UA20222,3627,1,2
UA20222,3687,1,3
UA10813,3740,1,2
UA10813,3800,1,3
UA10763,3911,1,2
UA10763,3971,1,3
UA20953,4179,1,2
UA10712,4230,1,2
UA20953,4239,1,3
UA10712,4290,1,3
UA20919,4613,1,2
UA20919,4673,1,3
UA21018,5379,1,2
UA21018,5439,1,3
UA10204,6707,1,2
UA10204,6767,1,3
UA20971,6981,1,2
UA20971,7041,1,3
UA20993,7398,1,2
UA20993,7458,1,3
UA11244,8705,1,2
UA11244,8765,1,3
UA11268,9508,1,2
UA11268,9568,1,3
UA10522,10567,1,2
UA10522,10627,1,3
UA20875,11568,1,2
UA20875,11628,1,3
UA20134,26100,1,0
UA20180,26100,1,0
UA20238,26100,1,0
UA21031,26100,1,0
UA21208,26100,1,0
UA20893,26100,1,1
UA21079,26100,1,1
UA20223,26160,1,0
UA20500,26160,1,0
UA20800,26160,1,0
UA20134,26160,1,1
UA20180,26160,1,1
UA20238,26160,1,1
UA21031,26160,1,1
UA21208,26160,1,1
UA20413,26220,1,0
UA20223,26220,1,1
UA20500,26220,1,1
UA20800,26220,1,1
UA20058,26280,1,0
UA20608,26280,1,0
UA20720,26280,1,0
UA21029,26280,1,0
UA20413,26280,1,1
UA20933,26340,1,0
UA20950,26340,1,0
UA20058,26340,1,1
UA20608,26340,1,1
UA20720,26340,1,1
UA21029,26340,1,1
UA11077,1318,1,2
UA11077,1378,1,3
UA11114,1779,1,2
UA11114,1839,1,3
UA21029,4336,1,2
UA21029,4396,1,3
UA10261,5586,1,2
UA10261,5646,1,3
UA11253,9228,1,2
UA11253,9288,1,3
UA11000,9512,1,2
UA11000,9572,1,3
UA20500,9868,1,2
UA20500,9928,1,3
UA10009,11011,1,2
UA10009,11071,1,3
UA20893,11568,1,2
UA20893,11628,1,3
UA20223,15123,10,2
UA20223,15183,1,3
UA11118,16771,10,2
UA11118,16831,1,3
UA20058,17201,10,2
UA20058,17261,1,3
UA20147,26400,1,0
UA20627,26400,1,0
UA20710,26400,1,0
UA20933,26400,1,1
UA20950,26400,1,1
UA20071,26460,1,0
UA20433,26460,1,0
UA20147,26460,1,1
UA20627,26460,1,1
UA20710,26460,1,1
UA20244,26520,1,0
UA20423,26520,1,0
UA20525,26520,1,0
UA20683,26520,1,0
UA21092,26520,1,0
UA20071,26520,1,1
UA20433,26520,1,1
UA20724,26580,1,0
UA20989,26580,1,0
UA21001,26580,1,0
UA21101,26580,1,0
UA21273,26580,1,0
UA20244,26580,1,1
UA20423,26580,1,1
UA20525,26580,1,1
UA20683,26580,1,1
UA21092,26580,1,1
UA20279,26640,1,0
UA20558,26640,1,0
UA20719,26640,1,0
UA20772,26640,1,0
UA20802,26640,1,0
UA20832,26640,1,0
UA20882,26640,1,0
UA20943,26640,1,0
UA20724,26640,1,1
UA20989,26640,1,1
UA21001,26640,1,1
UA21101,26640,1,1
UA21273,26640,1,1
UA20772,26641,1,0
UA10899,1038,1,2
UA10861,1038,1,2
UA10899,1098,1,3
UA10861,1098,1,3
UA10574,1945,1,2
UA10574,2005,1,3
UA10462,2292,1,2
UA10462,2352,1,3
UA11108,2412,1,2
UA11108,2472,1,3
UA21001,2616,1,2
UA21001,2676,1,3
UA10166,2830,1,2
UA10531,2845,1,2
UA10166,2890,1,3
UA10531,2905,1,3
UA20423,5005,1,2
UA10509,5036,1,2
UA20423,5065,1,3
UA10509,5096,1,3
UA21092,7442,1,2
UA10823,7477,1,2
UA21092,7502,1,3
UA10823,7537,1,3
UA20989,8342,1,2
UA20989,8402,1,3
UA20950,8763,1,2
UA20950,8823,1,3
UA11254,9145,1,2
UA11254,9205,1,3
UA10681,9330,1,2
UA10681,9390,1,3
UA11334,9405,1,2
UA11334,9465,1,3
UA10271,9567,1,2
UA10271,9627,1,3
UA20433,10299,1,2
UA20433,10359,1,3
UA21273,14149,1,2
UA21273,14209,1,3
UA20394,26700,1,0
UA20821,26700,1,0
UA20886,26700,1,0
UA20940,26700,1,0
UA21214,26700,1,0
UA20279,26700,1,1
UA20558,26700,1,1
UA20719,26700,1,1
UA20802,26700,1,1
UA20832,26700,1,1
UA20882,26700,1,1
UA20943,26700,1,1
UA20772,26701,1,1
UA20023,26760,1,0
UA20504,26760,1,0
UA20529,26760,1,0
UA20609,26760,1,0
UA20640,26760,1,0
UA20712,26760,1,0
UA20855,26760,1,0
UA20394,26760,1,1
UA20821,26760,1,1
UA20886,26760,1,1
UA20940,26760,1,1
UA21214,26760,1,1
UA20242,26820,1,0
UA20260,26820,1,0
UA20263,26820,1,0
UA20297,26820,1,0
UA20341,26820,1,0
UA20468,26820,1,0
UA20829,26820,1,0
UA20023,26820,1,1
UA20504,26820,1,1
UA20529,26820,1,1
UA20609,26820,1,1
UA20640,26820,1,1
UA20712,26820,1,1
UA20855,26820,1,1
UA20218,26880,1,0
UA20542,26880,1,0
UA20242,26880,1,1
UA20260,26880,1,1
UA20341,26880,1,1
UA20468,26880,1,1
UA20829,26880,1,1
UA20218,26881,1,0
UA20263,26881,1,0
UA20297,26881,1,0
UA20542,26940,1,1
UA20218,26941,1,1
UA20263,26941,1,1
UA20297,26942,1,0
UA20394,703,1,2
UA20394,763,1,3
UA20821,1336,1,2
UA20821,1396,1,3
UA10069,1883,1,2
UA10069,1943,1,3
UA20943,2963,1,2
UA20943,3023,1,3
UA20772,3810,1,2
UA20772,3870,1,3
UA10180,3972,1,2
UA10180,4032,1,3
UA20218,4526,1,2
UA20218,4586,1,3
UA10903,6010,1,2
UA10903,6070,1,3
UA20712,6120,1,2
UA20712,6180,1,3
UA11157,6370,1,2
UA11157,6430,1,3
UA10722,7108,1,2
UA10722,7168,1,3
UA10800,7381,1,2
UA10800,7441,1,3
UA10269,7994,1,2
UA10269,8054,1,3
UA20529,9668,1,2
UA20529,9728,1,3
UA10090,9763,1,2
UA10090,9823,1,3
UA20609,10003,1,2
UA10926,10013,1,2
UA20609,10063,1,3
UA10926,10073,1,3
UA10286,10273,1,2
UA10286,10333,1,3
UA20719,12203,1,2
UA20719,12263,1,3
UA20504,12297,1,2
UA20504,12357,1,3
UA21214,12414,1,2
UA21214,12474,1,3
UA10852,15807,10,2
UA10852,15867,1,3
UA11331,15931,10,2
UA11331,15991,1,3
UA11190,16771,10,2
UA11190,16831,1,3
UA20279,17201,10,2
UA20279,17261,1,3
UA20127,27000,1,0
UA20922,27000,1,0
UA21041,27000,1,0
UA20297,27002,1,1
UA20415,27060,1,0
UA21082,27060,1,0
UA20127,27060,1,1
UA20922,27060,1,1
UA21041,27060,1,1
UA20096,27120,1,0
UA20182,27120,1,0
UA20195,27120,1,0
UA20648,27120,1,0
UA20883,27120,1,0
UA21222,27120,1,0
UA21251,27120,1,0
UA20415,27120,1,1
UA21082,27120,1,1
UA20729,27180,1,0
UA21096,27180,1,0
UA20096,27180,1,1
UA20182,27180,1,1
UA20195,27180,1,1
UA20648,27180,1,1
UA20883,27180,1,1
UA21222,27180,1,1
UA21251,27180,1,1
UA20261,27240,1,0
UA20399,27240,1,0
UA21232,27240,1,0
UA20729,27240,1,1
UA21096,27240,1,1
UA21041,3128,1,2
UA21041,3188,1,3
UA20096,3380,1,2
UA20096,3440,1,3
UA20883,3672,1,2
UA20883,3732,1,3
UA10396,6501,1,2
UA10396,6561,1,3
UA10252,7025,1,2
UA10252,7085,1,3
UA20182,7464,1,2
UA20182,7524,1,3
UA20922,8763,1,2
UA20922,8823,1,3
UA20195,9050,1,2
UA20195,9110,1,3
UA11275,9609,1,2
UA11275,9669,1,3
UA10223,10273,1,2
UA10223,10333,1,3
UA10702,13547,1,2
UA10702,13607,1,3
UA11260,13907,1,2
UA11260,13967,1,3
UA20405,27300,1,0
UA20432,27300,1,0
UA20513,27300,1,0
UA20734,27300,1,0
UA20804,27300,1,0
UA21115,27300,1,0
UA20261,27300,1,1
UA20399,27300,1,1
UA21232,27300,1,1
UA20526,27360,1,0
UA20647,27360,1,0
UA21241,27360,1,0
UA20405,27360,1,1
UA20432,27360,1,1
UA20513,27360,1,1
UA20734,27360,1,1
UA20804,27360,1,1
UA21115,27360,1,1
UA20177,27420,1,0
UA20374,27420,1,0
UA20778,27420,1,0
UA21158,27420,1,0
UA21247,27420,1,0
UA21274,27420,1,0
UA20526,27420,1,1
UA20647,27420,1,1
UA21241,27420,1,1
UA20684,27480,1,0
UA20687,27480,1,0
UA20888,27480,1,0
UA21246,27480,1,0
UA20177,27480,1,1
UA20374,27480,1,1
UA20778,27480,1,1
UA21158,27480,1,1
UA21247,27480,1,1
UA21274,27480,1,1
UA20461,27540,1,0
UA20684,27540,1,1
UA20687,27540,1,1
UA20888,27540,1,1
UA21246,27540,1,1
UA20374,529,1,2
UA20374,589,1,3
UA21158,1886,1,2
UA21158,1946,1,3
UA10536,2615,1,2
UA10536,2675,1,3
UA20888,3380,1,2
UA20888,3440,1,3
UA10405,3928,1,2
UA10405,3988,1,3
UA11051,4281,1,2
UA11051,4341,1,3
UA21246,5985,1,2
UA21246,6045,1,3
UA20804,6244,1,2
UA20804,6304,1,3
UA10898,7381,1,2
UA10898,7441,1,3
UA21232,11616,1,2
UA21232,11676,1,3
UA10092,11883,1,2
UA10092,11943,1,3
UA10532,12024,1,2
UA10532,12084,1,3
UA10018,13036,1,2
UA10018,13096,1,3
UA20647,15123,10,2
UA21274,15175,10,2
UA20647,15183,1,3
UA21274,15235,1,3
UA20854,27600,1,0
UA20461,27600,1,1
UA20252,27660,1,0
UA20391,27660,1,0
UA20451,27660,1,0
UA20854,27660,1,1
UA21136,27720,1,0
UA21288,27720,1,0
UA20252,27720,1,1
UA20391,27720,1,1
UA20451,27720,1,1
UA20339,27780,1,0
UA20665,27780,1,0
UA20737,27780,1,0
UA20863,27780,1,0
UA20981,27780,1,0
UA20992,27780,1,0
UA21058,27780,1,0
UA21107,27780,1,0
UA21136,27780,1,1
UA21288,27780,1,1
UA20474,27840,1,0
UA20698,27840,1,0
UA21209,27840,1,0
UA20339,27840,1,1
UA20665,27840,1,1
UA20737,27840,1,1
UA20863,27840,1,1
UA20981,27840,1,1
UA20992,27840,1,1
UA21058,27840,1,1
UA21107,27840,1,1
UA11002,1385,1,2
UA11002,1445,1,3
UA10112,1506,1,2
UA10112,1566,1,3
UA10036,2059,1,2
UA10036,2119,1,3
UA11327,2581,1,2
UA11327,2641,1,3
UA20451,2749,1,2
UA20451,2809,1,3
UA20854,5618,1,2
UA20854,5678,1,3
UA10337,5808,1,2
UA10337,5868,1,3
UA10743,6335,1,2
UA20665,6341,1,2
UA10743,6395,1,3
UA20665,6401,1,3
UA20863,6559,1,2
UA20863,6619,1,3
UA20737,7603,1,2
UA20737,7663,1,3
UA10305,8763,1,2
UA10305,8823,1,3
UA21058,9868,1,2
UA21058,9928,1,3
UA10613,12276,1,2
UA10613,12336,1,3
UA11363,13326,1,2
UA11363,13386,1,3
UA20252,13621,1,2
UA20252,13681,1,3
UA20047,27900,1,0
UA20107,27900,1,0
UA20262,27900,1,0
UA20486,27900,1,0
UA20568,27900,1,0
UA20695,27900,1,0
UA20928,27900,1,0
UA21224,27900,1,0
UA21235,27900,1,0
UA20474,27900,1,1
UA20698,27900,1,1
UA21209,27900,1,1
UA20236,27960,1,0
UA20520,27960,1,0
UA21064,27960,1,0
UA21154,27960,1,0
UA20047,27960,1,1
UA20107,27960,1,1
UA20262,27960,1,1
UA20486,27960,1,1
UA20568,27960,1,1
UA20695,27960,1,1
UA20928,27960,1,1
UA21224,27960,1,1
UA21235,27960,1,1
UA20958,28020,1,0
UA21213,28020,1,0
UA20236,28020,1,1
UA20520,28020,1,1
UA21064,28020,1,1
UA21154,28020,1,1
UA20038,28080,1,0
UA20163,28080,1,0
UA20858,28080,1,0
UA20977,28080,1,0
UA21145,28080,1,0
UA20958,28080,1,1
UA21213,28080,1,1
UA20428,28140,1,0
UA21047,28140,1,0
UA21080,28140,1,0
UA20038,28140,1,1
UA20163,28140,1,1
UA20858,28140,1,1
UA20977,28140,1,1
UA21145,28140,1,1
UA20047,2255,1,2
UA20047,2315,1,3
UA10157,2487,1,2
UA10157,2547,1,3
UA10929,2938,1,2
UA10929,2998,1,3
UA10703,3439,1,2
UA10703,3499,1,3
UA10373,4054,1,2
UA10373,4114,1,3
UA10490,4275,1,2
UA10490,4335,1,3
UA20958,4727,1,2
UA20958,4787,1,3
UA20474,4894,1,2
UA20486,4894,1,2
UA10225,4909,1,2
UA20474,4954,1,3
UA20486,4954,1,3
UA10225,4969,1,3
UA20236,5658,1,2
UA20236,5718,1,3
UA20520,5808,1,2
UA20520,5868,1,3
UA20928,5981,1,2
UA20928,6041,1,3
UA11060,6265,1,2
UA20038,6302,1,2
UA11060,6325,1,3
UA20038,6362,1,3
UA10688,8882,1,2
UA21064,8896,1,2
UA10688,8942,1,3
UA21064,8956,1,3
UA10958,9290,1,2
UA10958,9350,1,3
UA20262,13174,1,2
UA20262,13234,1,3
UA10615,13435,1,2
UA10615,13495,1,3
UA10622,13969,1,2
UA10622,14029,1,3
UA20187,28200,1,0
UA20221,28200,1,0
UA20393,28200,1,0
UA20715,28200,1,0
UA20984,28200,1,0
UA21283,28200,1,0
UA20428,28200,1,1
UA21047,28200,1,1
UA21080,28200,1,1
UA20020,28260,1,0
UA20516,28260,1,0
UA20704,28260,1,0
UA20908,28260,1,0
UA20187,28260,1,1
UA20221,28260,1,1
UA20393,28260,1,1
UA20715,28260,1,1
UA20984,28260,1,1
UA21283,28260,1,1
UA21072,28320,1,0
UA20020,28320,1,1
UA20516,28320,1,1
UA20704,28320,1,1
UA20908,28320,1,1
UA20567,28380,1,0
UA20614,28380,1,0
UA21142,28380,1,0
UA21072,28380,1,1
UA20111,28440,1,0
UA21151,28440,1,0
UA21245,28440,1,0
UA20567,28440,1,1
UA20614,28440,1,1
UA21142,28440,1,1
UA10883,1090,1,2
UA10883,1150,1,3
UA11059,3077,1,2
UA11059,3137,1,3
UA20908,4043,1,2
UA20908,4103,1,3
UA20428,4894,1,2
UA20428,4954,1,3
UA10504,5036,1,2
UA10504,5096,1,3
UA10989,6098,1,2
UA10989,6158,1,3
UA20516,7238,1,2
UA20516,7298,1,3
UA20715,7874,1,2
UA20715,7934,1,3
UA11197,10357,1,2
UA11197,10417,1,3
UA20171,28500,1,0
UA20212,28500,1,0
UA21221,28500,1,0
UA20111,28500,1,1
UA21151,28500,1,1
UA21245,28500,1,1
UA20247,28560,1,0
UA20885,28560,1,0
UA20974,28560,1,0
UA21085,28560,1,0
UA20171,28560,1,1
UA20212,28560,1,1
UA21221,28560,1,1
UA20067,28620,1,0
UA20390,28620,1,0
UA20445,28620,1,0
UA20650,28620,1,0
UA21165,28620,1,0
UA20247,28620,1,1
UA20885,28620,1,1
UA20974,28620,1,1
UA21085,28620,1,1
UA20004,28680,1,0
UA20233,28680,1,0
UA20449,28680,1,0
UA20493,28680,1,0
UA20923,28680,1,0
UA21199,28680,1,0
UA20067,28680,1,1
UA20390,28680,1,1
UA20445,28680,1,1
UA20650,28680,1,1
UA21165,28680,1,1
UA20048,28740,1,0
UA20831,28740,1,0
UA20856,28740,1,0
UA21163,28740,1,0
UA20004,28740,1,1
UA20233,28740,1,1
UA20449,28740,1,1
UA20493,28740,1,1
UA20923,28740,1,1
UA21199,28740,1,1
UA21151,2042,1,2
UA21151,2102,1,3
UA10873,3287,1,2
UA10873,3347,1,3
UA20974,3849,1,2
UA20974,3909,1,3
UA11016,4030,1,2
UA11016,4090,1,3
UA21199,4516,1,2
UA21199,4576,1,3
UA11297,4580,1,2
UA11297,4640,1,3
UA11347,4708,1,2
UA11347,4768,1,3
UA21165,5119,1,2
UA10478,5168,1,2
UA21165,5179,1,3
UA10478,5228,1,3
UA20171,6680,1,2
UA20171,6740,1,3
UA20247,8342,1,2
UA20247,8402,1,3
UA11296,9694,1,2
UA11296,9754,1,3
UA21245,10716,1,2
UA21245,10776,1,3
UA10074,11883,1,2
UA10797,11905,1,2
UA10074,11943,1,3
UA10797,11965,1,3
UA21221,13323,1,2
UA21221,13383,1,3
UA20449,14941,10,2
UA20449,15001,1,3
UA20650,15941,10,2
UA20650,16001,1,3
UA20045,28800,1,0
UA20052,28800,1,0
UA20150,28800,1,0
UA20167,28800,1,0
UA20198,28800,1,0
UA20697,28800,1,0
UA21088,28800,1,0
UA20048,28800,1,1
UA20831,28800,1,1
UA20856,28800,1,1
UA21163,28800,1,1
UA20052,28801,1,0
UA20327,28860,1,0
UA20887,28860,1,0
UA20045,28860,1,1
UA20150,28860,1,1
UA20167,28860,1,1
UA20697,28860,1,1
UA21088,28860,1,1
UA20198,28861,1,0
UA20052,28861,1,1
UA20757,28920,1,0
UA20327,28920,1,1
UA20887,28920,1,1
UA20198,28921,1,1
UA20467,28980,1,0
UA20540,28980,1,0
UA20972,28980,1,0
UA20757,28980,1,1
UA20257,29040,1,0
UA20483,29040,1,0
UA20565,29040,1,0
UA20658,29040,1,0
UA20467,29040,1,1
UA20540,29040,1,1
UA20972,29040,1,1
UA20831,529,1,2
UA20831,589,1,3
UA20327,633,1,2
UA20327,693,1,3
UA10621,1668,1,2
UA10621,1728,1,3
UA20045,1886,1,2
UA20045,1946,1,3
UA10472,2014,1,2
UA10472,2074,1,3
UA20972,3112,1,2
UA20972,3172,1,3
UA21088,3335,1,2
UA21088,3395,1,3
UA11319,3399,1,2
UA11319,3459,1,3
UA11218,3505,1,2
UA11218,3565,1,3
UA11399,4138,1,2
UA11399,4198,1,3
UA11219,4580,1,2
UA11219,4640,1,3
UA10923,5181,1,2
UA10923,5241,1,3
UA11053,5964,1,2
UA11053,6024,1,3
UA20198,6218,1,2
UA20887,6244,1,2
UA11065,6265,1,2
UA20198,6278,1,3
UA20887,6304,1,3
UA11065,6325,1,3
UA20167,6559,1,2
UA20167,6619,1,3
UA20856,6723,1,2
UA20856,6783,1,3
UA10693,6951,1,2
UA10693,7011,1,3
UA11146,15811,10,2
UA11146,15871,1,3
UA20128,29100,1,0
UA20501,29100,1,0
UA20841,29100,1,0
UA21027,29100,1,0
UA20257,29100,1,1
UA20483,29100,1,1
UA20565,29100,1,1
UA20658,29100,1,1
UA20288,29160,1,0
UA20844,29160,1,0
UA20869,29160,1,0
UA20995,29160,1,0
UA20128,29160,1,1
UA20501,29160,1,1
UA20841,29160,1,1
UA21027,29160,1,1
UA20094,29220,1,0
UA20718,29220,1,0
UA20766,29220,1,0
UA20891,29220,1,0
UA21113,29220,1,0
UA20288,29220,1,1
UA20844,29220,1,1
UA20869,29220,1,1
UA20995,29220,1,1
UA20077,29280,1,0
UA20533,29280,1,0
UA20619,29280,1,0
UA20094,29280,1,1
UA20718,29280,1,1
UA20766,29280,1,1
UA20891,29280,1,1
UA21113,29280,1,1
UA20915,29340,1,0
UA21012,29340,1,0
UA21228,29340,1,0
UA21269,29340,1,0
UA20077,29340,1,1
UA20533,29340,1,1
UA20619,29340,1,1
UA21113,1886,1,2
UA21113,1946,1,3
UA10904,2191,1,2
UA10904,2251,1,3
UA20094,2360,1,2
UA20094,2420,1,3
UA20766,3666,1,2
UA20766,3726,1,3
UA20718,3755,1,2
UA20718,3815,1,3
UA20995,4054,1,2
UA20995,4114,1,3
UA10179,4233,1,2
UA10179,4293,1,3
UA20501,4336,1,2
UA20501,4396,1,3
UA10285,5904,1,2
UA10285,5964,1,3
UA20483,6302,1,2
UA20619,6341,1,2
UA20483,6362,1,3
UA20619,6401,1,3
UA20128,6559,1,2
UA20128,6619,1,3
UA10142,10555,1,2
UA10142,10615,1,3
UA10795,11333,1,2
UA10795,11393,1,3
UA20533,12585,1,2
UA20533,12645,1,3
UA10640,12968,1,2
UA10640,13028,1,3
UA10672,13435,1,2
UA10672,13495,1,3
UA20286,29400,1,0
UA20309,29400,1,0
UA20915,29400,1,1
UA21012,29400,1,1
UA21228,29400,1,1
UA21269,29400,1,1
UA20286,29460,1,1
UA20309,29460,1,1
UA20336,29520,1,0
UA20408,29520,1,0
UA20595,29520,1,0
UA20154,29580,1,0
UA20165,29580,1,0
UA20818,29580,1,0
UA20967,29580,1,0
UA20997,29580,1,0
UA21223,29580,1,0
UA20336,29580,1,1
UA20408,29580,1,1
UA20595,29580,1,1
UA20360,29640,1,0
UA20482,29640,1,0
UA20859,29640,1,0
UA20867,29640,1,0
UA20154,29640,1,1
UA20165,29640,1,1
UA20818,29640,1,1
UA20967,29640,1,1
UA20997,29640,1,1
UA21223,29640,1,1
UA10596,3574,1,2
UA10596,3634,1,3
UA10120,3968,1,2
UA10120,4028,1,3
UA10430,4696,1,2
UA10430,4756,1,3
UA20408,5538,1,2
UA20408,5598,1,3
UA10115,6673,1,2
UA10115,6733,1,3
UA20154,7442,1,2
UA20154,7502,1,3
UA10048,7970,1,2
UA10048,8030,1,3
UA10505,10567,1,2
UA10505,10627,1,3
UA21269,11616,1,2
UA21269,11676,1,3
UA21223,12683,1,2
UA21223,12743,1,3
UA20818,13828,1,2
UA20818,13888,1,3
UA20364,29700,1,0
UA21146,29700,1,0
UA20360,29700,1,1
UA20482,29700,1,1
UA20859,29700,1,1
UA20867,29700,1,1
UA20407,29760,1,0
UA20941,29760,1,0
UA21021,29760,1,0
UA21069,29760,1,0
UA20364,29760,1,1
UA21146,29760,1,1
UA20202,29820,1,0
UA20407,29820,1,1
UA20941,29820,1,1
UA21021,29820,1,1
UA21069,29820,1,1
UA20589,29880,1,0
UA21180,29880,1,0
UA20202,29880,1,1
UA20589,29940,1,1
UA21180,29940,1,1
UA10539,2615,1,2
UA10539,2675,1,3
UA10728,2997,1,2
UA21021,3015,1,2
UA10728,3057,1,3
UA21021,3075,1,3
UA11259,5116,1,2
UA11259,5176,1,3
UA10916,6098,1,2
UA10916,6158,1,3
UA10168,6673,1,2
UA10168,6733,1,3
UA11212,10094,1,2
UA11212,10154,1,3
UA20482,10807,1,2
UA20482,10867,1,3
UA11274,13907,1,2
UA11274,13967,1,3
UA21069,15161,10,2
UA21069,15221,1,3
UA20326,30000,1,0
UA20557,30000,1,0
UA20742,30000,1,0
UA20326,30060,1,1
UA20557,30060,1,1
UA20742,30060,1,1
UA20361,30120,1,0
UA20489,30120,1,0
UA21162,30120,1,0
UA20487,30180,1,0
UA21239,30180,1,0
UA20361,30180,1,1
UA20489,30180,1,1
UA21162,30180,1,1
UA20021,30240,1,0
UA20130,30240,1,0
UA20775,30240,1,0
UA21000,30240,1,0
UA20487,30240,1,1
UA21239,30240,1,1
UA21162,618,1,2
UA21162,678,1,3
UA11314,1250,1,2
UA11314,1310,1,3
UA10267,1560,1,2
UA10267,1620,1,3
UA11107,2120,1,2
UA11107,2180,1,3
UA11126,2520,1,2
UA11126,2580,1,3
UA10544,2615,1,2
UA10544,2675,1,3
UA11017,3359,1,2
UA11017,3419,1,3
UA10990,5181,1,2
UA10990,5241,1,3
UA11026,5964,1,2
UA20489,5983,1,2
UA11026,6024,1,3
UA20489,6043,1,3
UA10381,6981,1,2
UA10510,7030,1,2
UA10381,7041,1,3
UA10510,7090,1,3
UA20361,12636,1,2
UA20361,12696,1,3
UA10701,13063,1,2
UA10701,13123,1,3
UA21239,14149,1,2
UA21239,14209,1,3
UA11353,15931,10,2
UA11353,15991,1,3
UA21217,30300,1,0
UA20021,30300,1,1
UA20130,30300,1,1
UA20775,30300,1,1
UA21000,30300,1,1
UA20979,30360,1,0
UA21217,30360,1,1
UA20323,30420,1,0
UA20401,30420,1,0
UA20435,30420,1,0
UA21189,30420,1,0
UA20979,30420,1,1
UA20161,30480,1,0
UA20496,30480,1,0
UA21010,30480,1,0
UA20323,30480,1,1
UA20401,30480,1,1
UA20435,30480,1,1
UA21189,30480,1,1
UA20099,30540,1,0
UA20232,30540,1,0
UA20400,30540,1,0
UA20161,30540,1,1
UA20496,30540,1,1
UA21010,30540,1,1
UA21189,2255,1,2
UA21189,2315,1,3
UA20323,2523,1,2
UA20323,2583,1,3
UA20021,2822,1,2
UA20021,2882,1,3
UA10330,2963,1,2
UA10330,3023,1,3
UA10557,3643,1,2
UA10557,3703,1,3
UA20775,3810,1,2
UA20775,3870,1,3
UA10391,4727,1,2
UA10391,4787,1,3
UA11192,5773,1,2
UA11192,5833,1,3
UA10948,6939,1,2
UA10948,6999,1,3
UA10558,10938,1,2
UA10558,10998,1,3
UA10528,12024,1,2
UA10528,12084,1,3
UA11177,13226,1,2
UA11177,13286,1,3
UA20133,30600,1,0
UA20358,30600,1,0
UA20381,30600,1,0
UA20434,30600,1,0
UA21140,30600,1,0
UA20099,30600,1,1
UA20232,30600,1,1
UA20400,30600,1,1
UA20300,30660,1,0
UA20625,30660,1,0
UA20671,30660,1,0
UA21293,30660,1,0
UA20133,30660,1,1
UA20358,30660,1,1
UA20381,30660,1,1
UA20434,30660,1,1
UA21140,30660,1,1
UA20041,30720,1,0
UA20354,30720,1,0
UA20872,30720,1,0
UA20948,30720,1,0
UA21125,30720,1,0
UA20300,30720,1,1
UA20625,30720,1,1
UA20671,30720,1,1
UA21293,30720,1,1
UA20120,30780,1,0
UA20653,30780,1,0
UA20041,30780,1,1
UA20354,30780,1,1
UA20872,30780,1,1
UA20948,30780,1,1
UA21125,30780,1,1
UA20005,30840,1,0
UA20537,30840,1,0
UA20680,30840,1,0
UA20120,30840,1,1
UA20653,30840,1,1
UA21140,588,1,2
UA21140,648,1,3
UA21125,1174,1,2
UA21125,1234,1,3
UA20434,1282,1,2
UA20434,1342,1,3
UA10690,1668,1,2
UA11358,1700,1,2
UA10690,1728,1,3
UA11358,1760,1,3
UA20120,2963,1,2
UA20120,3023,1,3
UA10325,3672,1,2
UA10141,3699,1,2
UA10325,3732,1,3
UA10141,3759,1,3
UA10975,4833,1,2
UA10975,4893,1,3
UA20948,5139,1,2
UA20948,5199,1,3
UA20381,5378,1,2
UA20381,5438,1,3
UA10710,5567,1,2
UA10710,5627,1,3
UA10313,6101,1,2
UA10313,6161,1,3
UA20653,6400,1,2
UA20653,6460,1,3
UA20133,7018,1,2
UA20133,7078,1,3
UA10398,7334,1,2
UA10398,7394,1,3
UA11202,9694,1,2
UA11202,9754,1,3
UA21293,11258,1,2
UA11281,11294,1,2
UA21293,11318,1,3
UA11281,11354,1,3
UA20671,11530,1,2
UA20671,11590,1,3
UA20300,11807,1,2
UA20300,11867,1,3
UA10084,12343,1,2
UA10084,12403,1,3
UA11225,13228,1,2
UA11225,13288,1,3
UA10063,14465,10,2
UA10063,14525,1,3
UA20232,16282,10,2
UA20232,16342,1,3
UA20007,30900,1,0
UA20005,30900,1,1
UA20537,30900,1,1
UA20680,30900,1,1
UA20227,30960,1,0
UA20582,30960,1,0
UA20586,30960,1,0
UA20669,30960,1,0
UA20857,30960,1,0
UA20870,30960,1,0
UA20007,30960,1,1
UA20418,31020,1,0
UA20227,31020,1,1
UA20582,31020,1,1
UA20586,31020,1,1
UA20669,31020,1,1
UA20857,31020,1,1
UA20870,31020,1,1
UA20367,31080,1,0
UA20592,31080,1,0
UA20634,31080,1,0
UA20759,31080,1,0
UA20763,31080,1,0
UA21025,31080,1,0
UA21119,31080,1,0
UA20418,31080,1,1
UA20787,31140,1,0
UA20840,31140,1,0
UA21003,31140,1,0
UA21043,31140,1,0
UA20367,31140,1,1
UA20592,31140,1,1
UA20634,31140,1,1
UA20759,31140,1,1
UA20763,31140,1,1
UA21025,31140,1,1
UA21119,31140,1,1
UA20787,31141,1,0
UA10323,0,1,2
UA10323,60,1,3
UA21119,703,1,2
UA21119,763,1,3
UA11305,1700,1,2
UA11305,1760,1,3
UA10928,2938,1,2
UA10395,2963,1,2
UA10928,2998,1,3
UA10395,3023,1,3
UA10957,3087,1,2
UA10957,3147,1,3
UA10992,3461,1,2
UA10992,3521,1,3
UA10729,3914,1,2
UA10729,3974,1,3
UA11285,5374,1,2
UA11285,5434,1,3
UA20763,6120,1,2
UA20763,6180,1,3
UA20857,6559,1,2
UA20857,6619,1,3
UA20586,7238,1,2
UA20680,7278,1,2
UA20586,7298,1,3
UA20680,7338,1,3
UA10335,7398,1,2
UA10335,7458,1,3
UA10123,7977,1,2
UA10123,8037,1,3
UA10844,8354,1,2
UA10844,8414,1,3
UA10634,8830,1,2
UA10634,8890,1,3
UA20537,9868,1,2
UA20537,9928,1,3
UA20227,9972,1,2
UA10944,10013,1,2
UA20227,10032,1,3
UA10944,10073,1,3
UA20592,10093,1,2
UA20592,10153,1,3
UA10085,11110,1,2
UA10085,11170,1,3
UA20031,31200,1,0
UA20860,31200,1,0
UA20865,31200,1,0
UA20840,31200,1,1
UA21003,31200,1,1
UA21043,31200,1,1
UA20787,31201,1,1
UA20329,31260,1,0
UA20674,31260,1,0
UA21133,31260,1,0
UA20031,31260,1,1
UA20860,31260,1,1
UA20865,31260,1,1
UA20403,31320,1,0
UA20329,31320,1,1
UA20674,31320,1,1
UA21133,31320,1,1
UA20403,31380,1,1
UA20337,31440,1,0
UA20463,31440,1,0
UA20939,31440,1,0
UA21038,31440,1,0
UA10296,1305,1,2
UA10296,1365,1,3
UA11074,1385,1,2
UA11074,1445,1,3
UA10170,1506,1,2
UA10170,1566,1,3
UA10973,3087,1,2
UA10973,3147,1,3
UA11050,3198,1,2
UA11050,3258,1,3
UA11031,3678,1,2
UA11031,3738,1,3
UA11352,3939,1,2
UA11352,3999,1,3
UA10402,5131,1,2
UA10402,5191,1,3
UA10474,6356,1,2
UA10474,6416,1,3
UA21043,7818,1,2
UA21043,7878,1,3
UA20403,8615,1,2
UA20403,8675,1,3
UA21003,9868,1,2
UA21003,9928,1,3
UA10614,11942,1,2
UA10614,12002,1,3
UA20031,14389,10,2
UA20031,14449,1,3
UA11120,15811,10,2
UA11120,15871,1,3
UA20441,31500,1,0
UA21131,31500,1,0
UA20337,31500,1,1
UA20463,31500,1,1
UA20939,31500,1,1
UA21038,31500,1,1
UA20646,31560,1,0
UA21116,31560,1,0
UA20441,31560,1,1
UA21131,31560,1,1
UA20178,31620,1,0
UA20199,31620,1,0
UA20206,31620,1,0
UA20910,31620,1,0
UA20646,31620,1,1
UA21116,31620,1,1
UA21017,31680,1,0
UA20178,31680,1,1
UA20199,31680,1,1
UA20206,31680,1,1
UA20910,31680,1,1
UA20253,31740,1,0
UA20581,31740,1,0
UA20583,31740,1,0
UA21071,31740,1,0
UA21017,31740,1,1
UA10849,1241,1,2
UA10849,1301,1,3
UA10410,2029,1,2
UA10410,2089,1,3
UA11005,3541,1,2
UA11005,3601,1,3
UA10534,3643,1,2
UA10124,3699,1,2
UA10183,3699,1,2
UA10534,3703,1,3
UA10124,3759,1,3
UA10183,3759,1,3
UA21038,3810,1,2
UA11052,3823,1,2
UA21038,3870,1,3
UA11052,3883,1,3
UA20206,3978,1,2
UA20206,4038,1,3
UA10482,4060,1,2
UA10482,4120,1,3
UA20463,5348,1,2
UA20463,5408,1,3
UA10453,6643,1,2
UA10453,6703,1,3
UA21116,6769,1,2
UA21116,6829,1,3
UA20178,7075,1,2
UA20178,7135,1,3
UA10345,7150,1,2
UA10345,7210,1,3
UA11385,8265,1,2
UA11385,8325,1,3
UA10647,11526,1,2
UA10647,11586,1,3
UA21017,12683,1,2
UA21017,12743,1,3
UA10683,13243,1,2
UA10683,13303,1,3
UA11386,13999,1,2
UA11386,14059,1,3
UA20441,14941,10,2
UA20441,15001,1,3
UA20017,31800,1,0
UA20057,31800,1,0
UA20157,31800,1,0
UA20322,31800,1,0
UA20253,31800,1,1
UA20581,31800,1,1
UA20583,31800,1,1
UA21071,31800,1,1
UA20024,31860,1,0
UA20255,31860,1,0
UA20699,31860,1,0
UA20851,31860,1,0
UA21292,31860,1,0
UA20017,31860,1,1
UA20057,31860,1,1
UA20157,31860,1,1
UA20322,31860,1,1
UA20024,31861,1,0
UA20010,31920,1,0
UA21060,31920,1,0
UA21078,31920,1,0
UA21109,31920,1,0
UA21272,31920,1,0
UA20255,31920,1,1
UA20699,31920,1,1
UA20851,31920,1,1
UA21292,31920,1,1
UA20024,31921,1,1
UA20010,31980,1,1
UA21060,31980,1,1
UA21078,31980,1,1
UA21109,31980,1,1
UA21272,31980,1,1
UA20069,32040,1,0
UA20148,32040,1,0
UA20353,32040,1,0
UA20635,32040,1,0
UA20864,32040,1,0
UA20936,32040,1,0
UA21071,2145,1,2
UA21071,2205,1,3
UA11135,2520,1,2
UA11135,2580,1,3
UA21078,2930,1,2
UA21078,2990,1,3
UA11098,3232,1,2
UA11098,3292,1,3
UA20010,5271,1,2
UA20010,5331,1,3
UA10583,5731,1,2
UA10583,5791,1,3
UA20157,6244,1,2
UA20157,6304,1,3
UA10463,6643,1,2
UA10463,6703,1,3
UA10969,9290,1,2
UA20583,9297,1,2
UA10969,9350,1,3
UA20583,9357,1,3
UA10288,10273,1,2
UA10288,10333,1,3
UA11089,11371,1,2
UA11089,11431,1,3
UA21292,11616,1,2
UA21292,11676,1,3
UA21109,11817,1,2
UA21272,11817,1,2
UA21109,11877,1,3
UA21272,11877,1,3
UA11203,13228,1,2
UA11203,13288,1,3
UA21211,32100,1,0
UA20069,32100,1,1
UA20148,32100,1,1
UA20353,32100,1,1
UA20635,32100,1,1
UA20864,32100,1,1
UA20936,32100,1,1
UA20343,32160,1,0
UA20369,32160,1,0
UA20986,32160,1,0
UA21211,32160,1,1
UA20511,32220,1,0
UA20515,32220,1,0
UA20762,32220,1,0
UA21127,32220,1,0
UA20343,32220,1,1
UA20369,32220,1,1
UA20986,32220,1,1
UA20003,32280,1,0
UA20016,32280,1,0
UA20081,32280,1,0
UA20503,32280,1,0
UA20514,32280,1,0
UA20862,32280,1,0
UA20511,32280,1,1
UA20515,32280,1,1
UA20762,32280,1,1
UA21127,32280,1,1
UA20514,32281,1,0
UA20129,32340,1,0
UA20313,32340,1,0
UA20549,32340,1,0
UA20003,32340,1,1
UA20016,32340,1,1
UA20503,32340,1,1
UA20862,32340,1,1
UA20081,32341,1,0
UA20514,32341,1,1
UA11328,2581,1,2
UA11328,2641,1,3
UA10806,2758,1,2
UA10806,2818,1,3
UA20016,3380,1,2
UA20016,3440,1,3
UA10497,4127,1,2
UA10551,4146,1,2
UA10497,4187,1,3
UA10551,4206,1,3
UA21127,4659,1,2
UA21127,4719,1,3
UA20862,6177,1,2
UA20862,6237,1,3
UA10119,6673,1,2
UA10119,6733,1,3
UA20635,7334,1,2
UA20635,7394,1,3
UA10877,7477,1,2
UA10877,7537,1,3
UA20069,7874,1,2
UA20069,7934,1,3
UA20369,7986,1,2
UA20369,8046,1,3
UA10921,8495,1,2
UA10921,8555,1,3
UA11273,8654,1,2
UA11273,8714,1,3
UA20148,9498,1,2
UA20148,9558,1,3
UA20514,11980,1,2
UA20514,12040,1,3
UA10601,13435,1,2
UA10601,13495,1,3
UA20499,32400,1,0
UA20534,32400,1,0
UA20758,32400,1,0
UA20878,32400,1,0
UA20901,32400,1,0
UA20129,32400,1,1
UA20313,32400,1,1
UA20549,32400,1,1
UA20081,32401,1,1
UA20117,32460,1,0
UA21259,32460,1,0
UA21289,32460,1,0
UA20499,32460,1,1
UA20534,32460,1,1
UA20758,32460,1,1
UA20878,32460,1,1
UA20901,32460,1,1
UA20072,32520,1,0
UA20427,32520,1,0
UA20117,32520,1,1
UA21259,32520,1,1
UA21289,32520,1,1
UA20409,32580,1,0
UA20072,32580,1,1
UA20427,32580,1,1
UA20197,32640,1,0
UA20330,32640,1,0
UA20584,32640,1,0
UA21024,32640,1,0
UA21073,32640,1,0
UA20409,32640,1,1
UA11171,519,1,2
UA11171,579,1,3
UA10730,1228,1,2
UA10730,1288,1,3
UA10244,2352,1,2
UA10218,2410,1,2
UA10244,2412,1,3
UA10218,2470,1,3
UA20427,3128,1,2
UA20427,3188,1,3
UA20878,3380,1,2
UA20072,3380,1,2
UA20878,3440,1,3
UA20072,3440,1,3
UA10387,3496,1,2
UA10387,3556,1,3
UA11222,3988,1,2
UA11222,4048,1,3
UA10422,4275,1,2
UA10422,4335,1,3
UA20901,6101,1,2
UA20901,6161,1,3
UA20409,6302,1,2
UA20409,6362,1,3
UA20117,6680,1,2
UA20117,6740,1,3
UA20549,7377,1,2
UA20549,7437,1,3
UA20129,8577,1,2
UA20129,8637,1,3
UA10379,8705,1,2
UA10379,8765,1,3
UA20534,9868,1,2
UA21259,9906,1,2
UA20534,9928,1,3
UA21259,9966,1,3
UA10732,10928,1,2
UA10732,10988,1,3
UA10222,12281,1,2
UA10222,12341,1,3
UA21289,13468,1,2
UA21289,13528,1,3
UA10014,14135,1,2
UA10014,14195,1,3
UA20081,15116,10,2
UA20081,15176,1,3
UA20204,32700,1,0
UA20304,32700,1,0
UA20320,32700,1,0
UA20554,32700,1,0
UA20717,32700,1,0
UA20197,32700,1,1
UA20330,32700,1,1
UA20584,32700,1,1
UA21024,32700,1,1
UA21073,32700,1,1
UA20299,32760,1,0
UA20204,32760,1,1
UA20304,32760,1,1
UA20320,32760,1,1
UA20554,32760,1,1
UA20717,32760,1,1
UA20420,32820,1,0
UA20660,32820,1,0
UA20730,32820,1,0
UA20905,32820,1,0
UA20917,32820,1,0
UA21184,32820,1,0
UA21298,32820,1,0
UA20299,32820,1,1
UA20752,32880,1,0
UA20926,32880,1,0
UA21105,32880,1,0
UA20420,32880,1,1
UA20660,32880,1,1
UA20730,32880,1,1
UA20905,32880,1,1
UA20917,32880,1,1
UA21184,32880,1,1
UA21298,32880,1,1
UA20116,32940,1,0
UA20806,32940,1,0
UA21120,32940,1,0
UA20752,32940,1,1
UA20926,32940,1,1
UA21105,32940,1,1
UA10902,2191,1,2
UA10902,2251,1,3
UA21024,2790,1,2
UA21024,2850,1,3
UA11220,3831,1,2
UA11220,3891,1,3
UA20926,4613,1,2
UA20926,4673,1,3
UA10056,6364,1,2
UA11147,6370,1,2
UA10056,6424,1,3
UA11147,6430,1,3
UA20554,7377,1,2
UA10605,7386,1,2
UA10399,7398,1,2
UA20554,7437,1,3
UA20197,7442,1,2
UA10605,7446,1,3
UA10399,7458,1,3
UA20197,7502,1,3
UA10655,10617,1,2
UA10655,10677,1,3
UA10620,11686,1,2
UA10620,11746,1,3
UA21184,11817,1,2
UA21184,11877,1,3
UA10618,12109,1,2
UA10129,12143,1,2
UA10618,12169,1,3
UA10129,12203,1,3
UA20730,13886,1,2
UA20730,13946,1,3
UA10660,16224,10,2
UA10660,16284,1,3
UA21298,18140,10,2
UA21298,18200,1,3
UA20035,33000,1,0
UA20054,33000,1,0
UA20285,33000,1,0
UA20945,33000,1,0
UA21280,33000,1,0
UA20116,33000,1,1
UA20806,33000,1,1
UA21120,33000,1,1
UA20091,33060,1,0
UA20106,33060,1,0
UA20152,33060,1,0
UA20035,33060,1,1
UA20054,33060,1,1
UA20285,33060,1,1
UA20945,33060,1,1
UA21280,33060,1,1
UA20091,33061,1,0
UA20059,33120,1,0
UA20121,33120,1,0
UA20318,33120,1,0
UA20342,33120,1,0
UA21156,33120,1,0
UA21172,33120,1,0
UA20106,33120,1,1
UA20152,33120,1,1
UA20121,33121,1,0
UA20091,33121,1,1
UA20678,33180,1,0
UA20812,33180,1,0
UA21015,33180,1,0
UA21297,33180,1,0
UA20059,33180,1,1
UA20318,33180,1,1
UA20342,33180,1,1
UA21156,33180,1,1
UA21172,33180,1,1
UA20121,33181,1,1
UA20189,33240,1,0
UA20356,33240,1,0
UA20531,33240,1,0
UA20675,33240,1,0
UA20713,33240,1,0
UA20755,33240,1,0
UA21074,33240,1,0
UA21100,33240,1,0
UA20678,33240,1,1
UA20812,33240,1,1
UA21015,33240,1,1
UA21297,33240,1,1
UA20806,556,1,2
UA20806,616,1,3
UA11062,1576,1,2
UA11062,1636,1,3
UA21120,2441,1,2
UA21120,2501,1,3
UA21015,2790,1,2
UA20091,2828,1,2
UA21015,2850,1,3
UA20091,2888,1,3
UA20106,3523,1,2
UA20106,3583,1,3
UA10922,4247,1,2
UA10922,4307,1,3
UA10553,4555,1,2
UA10553,4615,1,3
UA20121,6559,1,2
UA20121,6619,1,3
UA20152,7464,1,2
UA20152,7524,1,3
UA20945,8286,1,2
UA20945,8346,1,3
UA21172,10603,1,2
UA21172,10663,1,3
UA10419,11867,1,2
UA10419,11927,1,3
UA10631,11942,1,2
UA10631,12002,1,3
UA11320,13084,1,2
UA11320,13144,1,3
UA20035,13468,1,2
UA20035,13528,1,3
UA20219,33300,1,0
UA20424,33300,1,0
UA21070,33300,1,0
UA20189,33300,1,1
UA20356,33300,1,1
UA20531,33300,1,1
UA20675,33300,1,1
UA20713,33300,1,1
UA20755,33300,1,1
UA21074,33300,1,1
UA21100,33300,1,1
UA20377,33360,1,0
UA20442,33360,1,0
UA20471,33360,1,0
UA21153,33360,1,0
UA21231,33360,1,0
UA20219,33360,1,1
UA20424,33360,1,1
UA21070,33360,1,1
UA20543,33420,1,0
UA20578,33420,1,0
UA20377,33420,1,1
UA20442,33420,1,1
UA20471,33420,1,1
UA21153,33420,1,1
UA21231,33420,1,1
UA20430,33480,1,0
UA20666,33480,1,0
UA21191,33480,1,0
UA20543,33480,1,1
UA20578,33480,1,1
UA20750,33540,1,0
UA21048,33540,1,0
UA20430,33540,1,1
UA20666,33540,1,1
UA21191,33540,1,1
UA20471,1073,1,2
UA20471,1133,1,3
UA10967,2301,1,2
UA10967,2361,1,3
UA21074,3167,1,2
UA21074,3227,1,3
UA11086,3359,1,2
UA11086,3419,1,3
UA10570,3574,1,2
UA10570,3634,1,3
UA20675,3945,1,2
UA20675,4005,1,3
UA20755,4601,1,2
UA20755,4661,1,3
UA20424,5348,1,2
UA20424,5408,1,3
UA10013,5592,1,2
UA10013,5652,1,3
UA20189,9041,1,2
UA20189,9101,1,3
UA10447,9883,1,2
UA10447,9943,1,3
UA20543,10367,1,2
UA20543,10427,1,3
UA21231,11807,1,2
UA21231,11867,1,3
UA10745,11905,1,2
UA10745,11965,1,3
UA20713,12203,1,2
UA20713,12263,1,3
UA21153,12414,1,2
UA21153,12474,1,3
UA10117,12509,1,2
UA10117,12569,1,3
UA10635,13572,1,2
UA10635,13632,1,3
UA10068,13655,1,2
UA10068,13715,1,3
UA10652,14258,10,2
UA20219,14309,10,2
UA10652,14318,1,3
UA20219,14369,1,3
UA20430,14941,10,2
UA20430,15001,1,3
UA10628,15070,10,2
UA10628,15130,1,3
UA21009,33600,1,0
UA21023,33600,1,0
UA21035,33600,1,0
UA20750,33600,1,1
UA21048,33600,1,1
UA20416,33660,1,0
UA21009,33660,1,1
UA21023,33660,1,1
UA21035,33660,1,1
UA20519,33720,1,0
UA21059,33720,1,0
UA21220,33720,1,0
UA20416,33720,1,1
UA20090,33780,1,0
UA20386,33780,1,0
UA20541,33780,1,0
UA20645,33780,1,0
UA20672,33780,1,0
UA20935,33780,1,0
UA20519,33780,1,1
UA21059,33780,1,1
UA21220,33780,1,1
UA20604,33840,1,0
UA20090,33840,1,1
UA20386,33840,1,1
UA20541,33840,1,1
UA20645,33840,1,1
UA20672,33840,1,1
UA20935,33840,1,1
UA20386,588,1,2
UA20386,648,1,3
UA11338,1190,1,2
UA11301,1190,1,2
UA11338,1250,1,3
UA11301,1250,1,3
UA20416,1282,1,2
UA20416,1342,1,3
UA10999,2301,1,2
UA20090,2360,1,2
UA10999,2361,1,3
UA20090,2420,1,3
UA11241,4025,1,2
UA10357,4043,1,2
UA11241,4085,1,3
UA10357,4103,1,3
UA11083,5118,1,2
UA11083,5178,1,3
UA11073,5210,1,2
UA11073,5270,1,3
UA10535,5639,1,2
UA10535,5699,1,3
UA10862,6570,1,2
UA10862,6630,1,3
UA20935,7150,1,2
UA20935,7210,1,3
UA20645,7278,1,2
UA20645,7338,1,3
UA21035,7442,1,2
UA21035,7502,1,3
UA21048,7818,1,2
UA21048,7878,1,3
UA10213,8013,1,2
UA10213,8073,1,3
UA10524,10059,1,2
UA10524,10119,1,3
UA10443,11246,1,2
UA10443,11306,1,3
UA10001,11999,1,2
UA10030,11999,1,2
UA10001,12059,1,3
UA10030,12059,1,3
UA20639,33900,1,0
UA20661,33900,1,0
UA20707,33900,1,0
UA20799,33900,1,0
UA20604,33900,1,1
UA20185,33960,1,0
UA20492,33960,1,0
UA20639,33960,1,1
UA20661,33960,1,1
UA20707,33960,1,1
UA20799,33960,1,1
UA20366,34020,1,0
UA20185,34020,1,1
UA20492,34020,1,1
UA20412,34080,1,0
UA20615,34080,1,0
UA20760,34080,1,0
UA20849,34080,1,0
UA21089,34080,1,0
UA20366,34080,1,1
UA20459,34140,1,0
UA20412,34140,1,1
UA20615,34140,1,1
UA20760,34140,1,1
UA20849,34140,1,1
UA21089,34140,1,1
UA10106,1260,1,2
UA10106,1320,1,3
UA21089,2441,1,2
UA21089,2501,1,3
UA10145,2693,1,2
UA10145,2753,1,3
UA20615,3755,1,2
UA20615,3815,1,3
UA10821,4204,1,2
UA10932,4247,1,2
UA10821,4264,1,3
UA10932,4307,1,3
UA10668,4704,1,2
UA10668,4764,1,3
UA10114,5060,1,2
UA10114,5120,1,3
UA11091,5210,1,2
UA11091,5270,1,3
UA20185,5386,1,2
UA20185,5446,1,3
UA20639,6088,1,2
UA20707,6120,1,2
UA20639,6148,1,3
UA20707,6180,1,3
UA20412,6283,1,2
UA20412,6343,1,3
UA10182,6673,1,2
UA10182,6733,1,3
UA10767,7108,1,2
UA10767,7168,1,3
UA20849,11258,1,2
UA20849,11318,1,3
UA10152,12143,1,2
UA20799,12203,1,2
UA10152,12203,1,3
UA20799,12263,1,3
UA10679,12606,1,2
UA10679,12666,1,3
UA20492,13621,1,2
UA20492,13681,1,3
UA10802,13880,1,2
UA10802,13940,1,3
UA10021,14465,10,2
UA10021,14525,1,3
UA20379,34200,1,0
UA20894,34200,1,0
UA20459,34200,1,1
UA20011,34260,1,0
UA20139,34260,1,0
UA20170,34260,1,0
UA20241,34260,1,0
UA20317,34260,1,0
UA20510,34260,1,0
UA20931,34260,1,0
UA21236,34260,1,0
UA20379,34260,1,1
UA20894,34260,1,1
UA20472,34320,1,0
UA20900,34320,1,0
UA21084,34320,1,0
UA20011,34320,1,1
UA20139,34320,1,1
UA20170,34320,1,1
UA20241,34320,1,1
UA20317,34320,1,1
UA20510,34320,1,1
UA20931,34320,1,1
UA21236,34320,1,1
UA20105,34380,1,0
UA20456,34380,1,0
UA20874,34380,1,0
UA21013,34380,1,0
UA21181,34380,1,0
UA20472,34380,1,1
UA20900,34380,1,1
UA21084,34380,1,1
UA20643,34440,1,0
UA20105,34440,1,1
UA20456,34440,1,1
UA20874,34440,1,1
UA21013,34440,1,1
UA21181,34440,1,1
UA20379,2360,1,2
UA20379,2420,1,3
UA11185,2520,1,2
UA11185,2580,1,3
UA21084,3167,1,2
UA21084,3227,1,3
UA11084,3359,1,2
UA11084,3419,1,3
UA11070,3541,1,2
UA11070,3601,1,3
UA10194,3856,1,2
UA10194,3916,1,3
UA11055,4498,1,2
UA11055,4558,1,3
UA11116,5663,1,2
UA11116,5723,1,3
UA10075,5735,1,2
UA10075,5795,1,3
UA20900,6189,1,2
UA20170,6218,1,2
UA20900,6249,1,3
UA20170,6278,1,3
UA11180,6769,1,2
UA11180,6829,1,3
UA20139,9498,1,2
UA20139,9558,1,3
UA10682,11526,1,2
UA10682,11586,1,3
UA10176,11907,1,2
UA10176,11967,1,3
UA10560,12446,1,2
UA10560,12506,1,3
UA21013,13425,1,2
UA21013,13485,1,3
UA10071,14465,10,2
UA10071,14525,1,3
UA20205,34500,1,0
UA20524,34500,1,0
UA20548,34500,1,0
UA20602,34500,1,0
UA20623,34500,1,0
UA20761,34500,1,0
UA20764,34500,1,0
UA20830,34500,1,0
UA20978,34500,1,0
UA21225,34500,1,0
UA20643,34500,1,1
UA21128,34560,1,0
UA20205,34560,1,1
UA20524,34560,1,1
UA20548,34560,1,1
UA20602,34560,1,1
UA20623,34560,1,1
UA20761,34560,1,1
UA20764,34560,1,1
UA20830,34560,1,1
UA20978,34560,1,1
UA21225,34560,1,1
UA20378,34620,1,0
UA21128,34620,1,1
UA20192,34680,1,0
UA20599,34680,1,0
UA20927,34680,1,0
UA21135,34680,1,0
UA20378,34680,1,1
UA20062,34740,1,0
UA20389,34740,1,0
UA20476,34740,1,0
UA20553,34740,1,0
UA20768,34740,1,0
UA20898,34740,1,0
UA20192,34740,1,1
UA20599,34740,1,1
UA20927,34740,1,1
UA21135,34740,1,1
UA10297,1843,1,2
UA10297,1903,1,3
UA20978,2963,1,2
UA20978,3023,1,3
UA11379,3098,1,2
UA11379,3158,1,3
UA10820,3287,1,2
UA10820,3347,1,3
UA20524,3354,1,2
UA20524,3414,1,3
UA20927,3542,1,2
UA20927,3602,1,3
UA11384,3939,1,2
UA11384,3999,1,3
UA10994,5805,1,2
UA10665,5815,1,2
UA10994,5865,1,3
UA10665,5875,1,3
UA20643,6396,1,2
UA20602,6400,1,2
UA20643,6456,1,3
UA20602,6460,1,3
UA10364,7334,1,2
UA10364,7394,1,3
UA10366,8346,1,2
UA10366,8406,1,3
UA11215,9694,1,2
UA11215,9754,1,3
UA21135,10093,1,2
UA21135,10153,1,3
UA20192,10808,1,2
UA20192,10868,1,3
UA21128,13174,1,2
UA21128,13234,1,3
UA20623,15941,10,2
UA20623,16001,1,3
UA20188,34800,1,0
UA20402,34800,1,0
UA20621,34800,1,0
UA20062,34800,1,1
UA20389,34800,1,1
UA20476,34800,1,1
UA20553,34800,1,1
UA20768,34800,1,1
UA20898,34800,1,1
UA20175,34860,1,0
UA20452,34860,1,0
UA20667,34860,1,0
UA20780,34860,1,0
UA20188,34860,1,1
UA20402,34860,1,1
UA20621,34860,1,1
UA20722,34920,1,0
UA20726,34920,1,0
UA20175,34920,1,1
UA20452,34920,1,1
UA20667,34920,1,1
UA20780,34920,1,1
UA20726,34921,1,0
UA20594,34980,1,0
UA21287,34980,1,0
UA20722,34980,1,1
UA20726,34981,1,1
UA20506,35040,1,0
UA20998,35040,1,0
UA20594,35040,1,1
UA21287,35040,1,1
UA11112,545,1,2
UA11112,605,1,3
UA11081,1576,1,2
UA11081,1636,1,3
UA20726,3945,1,2
UA20726,4005,1,3
UA10251,4323,1,2
UA10251,4383,1,3
UA20780,4601,1,2
UA20780,4661,1,3
UA20768,5378,1,2
UA20768,5438,1,3
UA10369,5981,1,2
UA10369,6041,1,3
UA10404,6356,1,2
UA10404,6416,1,3
UA20062,7398,1,2
UA20062,7458,1,3
UA11221,7954,1,2
UA11221,8014,1,3
UA20594,10807,1,2
UA20594,10867,1,3
UA21287,13323,1,2
UA21287,13383,1,3
UA10663,13435,1,2
UA10663,13495,1,3
UA20082,35100,1,0
UA20283,35100,1,0
UA20866,35100,1,0
UA21271,35100,1,0
UA20506,35100,1,1
UA20998,35100,1,1
UA20013,35160,1,0
UA20295,35160,1,0
UA20321,35160,1,0
UA20450,35160,1,0
UA20590,35160,1,0
UA20694,35160,1,0
UA21063,35160,1,0
UA20082,35160,1,1
UA20283,35160,1,1
UA20866,35160,1,1
UA21271,35160,1,1
UA20281,35220,1,0
UA20316,35220,1,0
UA20013,35220,1,1
UA20295,35220,1,1
UA20321,35220,1,1
UA20450,35220,1,1
UA20590,35220,1,1
UA20694,35220,1,1
UA21063,35220,1,1
UA20745,35280,1,0
UA20777,35280,1,0
UA20281,35280,1,1
UA20316,35280,1,1
UA20225,35340,1,0
UA20370,35340,1,0
UA20539,35340,1,0
UA20770,35340,1,0
UA21185,35340,1,0
UA20745,35340,1,1
UA20777,35340,1,1
UA20770,35341,1,0
UA20316,588,1,2
UA20316,648,1,3
UA10203,1560,1,2
UA10203,1620,1,3
UA10260,2352,1,2
UA10260,2412,1,3
UA21063,3335,1,2
UA21063,3395,1,3
UA20281,4336,1,2
UA20281,4396,1,3
UA20998,4516,1,2
UA20998,4576,1,3
UA20450,5569,1,2
UA20450,5629,1,3
UA21271,5985,1,2
UA21271,6045,1,3
UA20321,6120,1,2
UA20321,6180,1,3
UA10095,9070,1,2
UA10095,9130,1,3
UA20506,14321,10,2
UA20506,14381,1,3
UA20283,15123,10,2
UA20283,15183,1,3
UA20457,35400,1,0
UA20771,35400,1,0
UA21040,35400,1,0
UA21097,35400,1,0
UA21098,35400,1,0
UA20225,35400,1,1
UA20370,35400,1,1
UA20539,35400,1,1
UA21185,35400,1,1
UA20770,35401,1,1
UA20305,35460,1,0
UA20850,35460,1,0
UA20914,35460,1,0
UA21139,35460,1,0
UA21212,35460,1,0
UA20457,35460,1,1
UA20771,35460,1,1
UA21040,35460,1,1
UA21097,35460,1,1
UA21098,35460,1,1
UA20086,35520,1,0
UA20089,35520,1,0
UA20305,35520,1,1
UA20850,35520,1,1
UA20914,35520,1,1
UA21139,35520,1,1
UA21212,35520,1,1
UA20078,35580,1,0
UA20220,35580,1,0
UA20258,35580,1,0
UA20395,35580,1,0
UA20505,35580,1,0
UA20564,35580,1,0
UA20571,35580,1,0
UA20656,35580,1,0
UA20846,35580,1,0
UA21265,35580,1,0
UA20086,35580,1,1
UA20089,35580,1,1
UA20078,35581,1,0
UA20220,35640,1,1
UA20258,35640,1,1
UA20395,35640,1,1
UA20505,35640,1,1
UA20564,35640,1,1
UA20571,35640,1,1
UA20656,35640,1,1
UA20846,35640,1,1
UA21265,35640,1,1
UA20078,35641,1,1
UA10195,1506,1,2
UA10293,1560,1,2
UA10195,1566,1,3
UA10293,1620,1,3
UA10611,1994,1,2
UA10611,2054,1,3
UA10291,2295,1,2
UA10291,2355,1,3
UA20370,2871,1,2
UA20370,2931,1,3
UA10826,3297,1,2
UA10826,3357,1,3
UA20850,3380,1,2
UA20850,3440,1,3
UA10501,3574,1,2
UA10501,3634,1,3
UA20564,3810,1,2
UA20564,3870,1,3
UA10420,4292,1,2
UA21097,4344,1,2
UA10420,4352,1,3
UA21097,4404,1,3
UA21185,5663,1,2
UA21185,5723,1,3
UA20770,6120,1,2
UA20770,6180,1,3
UA20656,6769,1,2
UA20656,6829,1,3
UA20089,9498,1,2
UA20089,9558,1,3
UA20571,10367,1,2
UA20571,10427,1,3
UA10643,10617,1,2
UA10643,10677,1,3
UA20505,10976,1,2
UA20505,11036,1,3
UA21212,14149,1,2
UA21212,14209,1,3
UA20258,14991,10,2
UA20258,15051,1,3
UA11335,15641,10,2
UA11335,15701,1,3
UA21265,17002,10,2
UA21265,17062,1,3
UA20220,17201,10,2
UA20220,17261,1,3
UA20274,35700,1,0
UA20509,35700,1,0
UA20664,35700,1,0
UA20066,35760,1,0
UA20112,35760,1,0
UA20160,35760,1,0
UA20566,35760,1,0
UA20741,35760,1,0
UA20274,35760,1,1
UA20509,35760,1,1
UA20664,35760,1,1
UA20813,35820,1,0
UA20868,35820,1,0
UA21002,35820,1,0
UA21262,35820,1,0
UA20066,35820,1,1
UA20112,35820,1,1
UA20160,35820,1,1
UA20566,35820,1,1
UA20741,35820,1,1
UA20383,35880,1,0
UA20813,35880,1,1
UA20868,35880,1,1
UA21002,35880,1,1
UA21262,35880,1,1
UA20008,35940,1,0
UA20436,35940,1,0
UA20448,35940,1,0
UA20706,35940,1,0
UA20785,35940,1,0
UA20795,35940,1,0
UA21258,35940,1,0
UA21263,35940,1,0
UA20383,35940,1,1
UA10545,1945,1,2
UA10545,2005,1,3
UA20066,2822,1,2
UA20066,2882,1,3
UA11398,3399,1,2
UA11398,3459,1,3
UA11207,3505,1,2
UA11207,3565,1,3
UA21002,3627,1,2
UA10205,4323,1,2
UA10205,4383,1,3
UA10394,4500,1,2
UA10996,4522,1,2
UA10394,4560,1,3
UA10996,4582,1,3
UA20813,5348,1,2
UA20813,5408,1,3
UA11105,6064,1,2
UA11105,6124,1,3
UA20383,7216,1,2
UA20383,7276,1,3
UA20160,7538,1,2
UA20160,7598,1,3
UA10360,8705,1,2
UA10360,8765,1,3
UA20509,12297,1,2
UA20509,12357,1,3
UA20095,36000,1,0
UA20246,36000,1,0
UA20349,36000,1,0
UA20657,36000,1,0
UA21279,36000,1,0
UA20008,36000,1,1
UA20436,36000,1,1
UA20448,36000,1,1
UA20706,36000,1,1
UA20785,36000,1,1
UA21258,36000,1,1
UA21263,36000,1,1
UA20795,36001,1,0
UA21002,36001,1,2
UA20037,36060,1,0
UA20331,36060,1,0
UA20462,36060,1,0
UA20794,36060,1,0
UA20095,36060,1,1
UA20246,36060,1,1
UA20349,36060,1,1
UA20657,36060,1,1
UA21279,36060,1,1
UA20795,36061,1,1
UA21002,36061,1,3
UA20794,36062,1,0
UA20644,36120,1,0
UA20820,36120,1,0
UA20884,36120,1,0
UA21270,36120,1,0
UA20037,36120,1,1
UA20331,36120,1,1
UA20462,36120,1,1
UA20794,36122,1,1
UA20103,36180,1,0
UA20328,36180,1,0
UA20637,36180,1,0
UA20700,36180,1,0
UA20701,36180,1,0
UA20913,36180,1,0
UA21083,36180,1,0
UA20644,36180,1,1
UA20820,36180,1,1
UA20884,36180,1,1
UA21270,36180,1,1
UA20144,36240,1,0
UA20296,36240,1,0
UA20469,36240,1,0
UA20607,36240,1,0
UA20103,36240,1,1
UA20328,36240,1,1
UA20637,36240,1,1
UA20700,36240,1,1
UA20701,36240,1,1
UA20913,36240,1,1
UA21083,36240,1,1
UA20657,1282,1,2
UA20657,1342,1,3
UA11388,1422,1,2
UA11388,1482,1,3
UA11141,2520,1,2
UA11141,2580,1,3
UA10133,3250,1,2
UA10133,3310,1,3
UA10597,3402,1,2
UA10597,3462,1,3
UA20884,3496,1,2
UA20884,3556,1,3
UA11374,3703,1,2
UA11374,3763,1,3
UA10274,3993,1,2
UA10274,4053,1,3
UA20785,5378,1,2
UA20785,5438,1,3
UA21258,5697,1,2
UA21258,5757,1,3
UA20701,5919,1,2
UA20701,5979,1,3
UA20349,6680,1,2
UA20328,6680,1,2
UA20349,6740,1,3
UA20328,6741,1,2
UA20328,6801,1,3
UA20103,7175,1,2
UA20103,7235,1,3
UA21083,7818,1,2
UA21083,7878,1,3
UA11282,7954,1,2
UA11282,8014,1,3
UA10901,8376,1,2
UA10901,8436,1,3
UA10807,9107,1,2
UA10807,9167,1,3
UA11272,11486,1,2
UA11272,11546,1,3
UA20795,12203,1,2
UA20795,12263,1,3
UA10054,12343,1,2
UA10054,12403,1,3
UA10024,15583,10,2
UA10024,15643,1,3
UA20293,36300,1,0
UA20363,36300,1,0
UA20714,36300,1,0
UA21123,36300,1,0
UA20144,36300,1,1
UA20296,36300,1,1
UA20469,36300,1,1
UA20607,36300,1,1
UA20074,36360,1,0
UA20792,36360,1,0
UA20816,36360,1,0
UA21150,36360,1,0
UA21264,36360,1,0
UA20293,36360,1,1
UA20363,36360,1,1
UA20714,36360,1,1
UA21123,36360,1,1
UA20230,36420,1,0
UA20303,36420,1,0
UA20074,36420,1,1
UA20792,36420,1,1
UA20816,36420,1,1
UA21150,36420,1,1
UA21264,36420,1,1
UA20264,36480,1,0
UA20319,36480,1,0
UA20351,36480,1,0
UA20528,36480,1,0
UA20965,36480,1,0
UA21256,36480,1,0
UA20230,36480,1,1
UA20303,36480,1,1
UA20270,36540,1,0
UA20629,36540,1,0
UA20982,36540,1,0
UA21216,36540,1,0
UA20264,36540,1,1
UA20319,36540,1,1
UA20351,36540,1,1
UA20528,36540,1,1
UA20965,36540,1,1
UA21256,36540,1,1
UA20303,2480,1,2
UA20303,2540,1,3
UA20816,2828,1,2
UA20816,2888,1,3
UA20607,3818,1,2
UA20607,3878,1,3
UA10774,3911,1,2
UA10774,3971,1,3
UA10187,3972,1,2
UA10187,4032,1,3
UA21150,4659,1,2
UA21150,4719,1,3
UA10533,4853,1,2
UA10533,4913,1,3
UA20351,5005,1,2
UA20351,5065,1,3
UA11143,5751,1,2
UA11143,5811,1,3
UA21256,6811,1,2
UA21256,6871,1,3
UA10438,7233,1,2
UA10438,7293,1,3
UA10568,7385,1,2
UA10568,7445,1,3
UA20144,7538,1,2
UA20144,7598,1,3
UA10962,7778,1,2
UA10962,7838,1,3
UA10911,8376,1,2
UA10911,8436,1,3
UA20965,9972,1,2
UA20965,10032,1,3
UA20074,10808,1,2
UA20074,10868,1,3
UA11366,13084,1,2
UA11366,13144,1,3
UA21264,14223,1,2
UA21264,14283,1,3
UA20230,17201,10,2
UA20230,17261,1,3
UA20115,36600,1,0
UA20781,36600,1,0
UA20790,36600,1,0
UA20983,36600,1,0
UA21095,36600,1,0
UA21266,36600,1,0
UA20270,36600,1,1
UA20629,36600,1,1
UA20982,36600,1,1
UA21216,36600,1,1
UA20455,36660,1,0
UA20642,36660,1,0
UA20115,36660,1,1
UA20781,36660,1,1
UA20790,36660,1,1
UA20983,36660,1,1
UA21095,36660,1,1
UA21266,36660,1,1
UA20001,36720,1,0
UA20455,36720,1,1
UA20642,36720,1,1
UA20688,36780,1,0
UA20808,36780,1,0
UA21147,36780,1,0
UA20001,36780,1,1
UA20026,36840,1,0
UA20070,36840,1,0
UA20739,36840,1,0
UA20873,36840,1,0
UA20879,36840,1,0
UA20688,36840,1,1
UA20808,36840,1,1
UA21147,36840,1,1
UA10256,1370,1,2
UA10256,1430,1,3
UA10004,1883,1,2
UA10004,1943,1,3
UA21095,2145,1,2
UA21095,2205,1,3
UA11038,3077,1,2
UA11038,3137,1,3
UA20808,3496,1,2
UA20808,3556,1,3
UA11383,3582,1,2
UA11383,3642,1,3
UA11012,4030,1,2
UA10943,4043,1,2
UA11012,4090,1,3
UA10943,4103,1,3
UA10481,4292,1,2
UA10481,4352,1,3
UA20790,4601,1,2
UA20790,4661,1,3
UA21266,5697,1,2
UA21266,5757,1,3
UA20642,6036,1,2
UA20642,6096,1,3
UA20688,6723,1,2
UA11191,6769,1,2
UA20688,6783,1,3
UA11191,6829,1,3
UA10163,7977,1,2
UA10163,8037,1,3
UA10217,9579,1,2
UA11213,9609,1,2
UA10217,9639,1,3
UA11213,9669,1,3
UA20115,10299,1,2
UA20115,10359,1,3
UA10676,11526,1,2
UA10676,11586,1,3
UA20001,14321,10,2
UA20001,14381,1,3
UA20100,36900,1,0
UA20186,36900,1,0
UA20315,36900,1,0
UA21186,36900,1,0
UA20026,36900,1,1
UA20070,36900,1,1
UA20739,36900,1,1
UA20873,36900,1,1
UA20879,36900,1,1
UA20119,36960,1,0
UA20443,36960,1,0
UA20636,36960,1,0
UA20826,36960,1,0
UA20100,36960,1,1
UA20186,36960,1,1
UA20315,36960,1,1
UA21186,36960,1,1
UA20119,36961,1,0
UA20213,37020,1,0
UA20443,37020,1,1
UA20636,37020,1,1
UA20826,37020,1,1
UA20119,37021,1,1
UA20025,37080,1,0
UA20307,37080,1,0
UA20375,37080,1,0
UA20738,37080,1,0
UA21106,37080,1,0
UA20213,37080,1,1
UA20587,37140,1,0
UA20767,37140,1,0
UA20025,37140,1,1
UA20307,37140,1,1
UA20375,37140,1,1
UA20738,37140,1,1
UA21106,37140,1,1
UA10346,0,1,2
UA10346,60,1,3
UA10695,1668,1,2
UA10695,1728,1,3
UA20879,2930,1,2
UA11172,2987,1,2
UA20879,2990,1,3
UA11172,3047,1,3
UA10796,3439,1,2
UA10796,3499,1,3
UA10584,3574,1,2
UA10584,3634,1,3
UA20826,5618,1,2
UA20826,5678,1,3
UA20315,5983,1,2
UA20315,6043,1,3
UA20307,7018,1,2
UA20307,7078,1,3
UA21106,7175,1,2
UA21106,7235,1,3
UA20186,7986,1,2
UA20186,8046,1,3
UA11234,9508,1,2
UA11234,9568,1,3
UA10550,10059,1,2
UA10550,10119,1,3
UA20738,10640,1,2
UA20738,10700,1,3
UA10714,11333,1,2
UA10714,11393,1,3
UA21186,12541,1,2
UA21186,12601,1,3
UA10846,16593,10,2
UA10846,16653,1,3
UA20136,37200,1,0
UA20721,37200,1,0
UA21103,37200,1,0
UA20587,37200,1,1
UA20767,37200,1,1
UA20907,37260,1,0
UA20973,37260,1,0
UA20136,37260,1,1
UA20721,37260,1,1
UA21103,37260,1,1
UA21160,37320,1,0
UA20907,37320,1,1
UA20973,37320,1,1
UA20049,37380,1,0
UA20245,37380,1,0
UA20769,37380,1,0
UA20996,37380,1,0
UA21132,37380,1,0
UA21282,37380,1,0
UA21160,37380,1,1
UA20522,37440,1,0
UA20677,37440,1,0
UA21081,37440,1,0
UA20049,37440,1,1
UA20245,37440,1,1
UA20769,37440,1,1
UA20996,37440,1,1
UA21132,37440,1,1
UA21282,37440,1,1
UA11181,1563,1,2
UA11181,1623,1,3
UA10910,2191,1,2
UA10910,2251,1,3
UA20587,3627,1,2
UA20587,3687,1,3
UA10483,4696,1,2
UA10483,4756,1,3
UA10277,4920,1,2
UA10277,4980,1,3
UA20721,5378,1,2
UA20721,5438,1,3
UA10241,5904,1,2
UA21103,5949,1,2
UA10241,5964,1,3
UA21103,6009,1,3
UA10134,7977,1,2
UA10134,8037,1,3
UA20996,8286,1,2
UA20996,8346,1,3
UA11204,8654,1,2
UA11204,8714,1,3
UA20245,13174,1,2
UA20245,13234,1,3
UA20889,37500,1,0
UA21295,37500,1,0
UA20522,37500,1,1
UA20677,37500,1,1
UA21081,37500,1,1
UA20651,37560,1,0
UA20709,37560,1,0
UA20912,37560,1,0
UA20889,37560,1,1
UA21295,37560,1,1
UA20961,37620,1,0
UA21299,37620,1,0
UA20651,37620,1,1
UA20709,37620,1,1
UA20912,37620,1,1
UA20371,37680,1,0
UA20507,37680,1,0
UA20784,37680,1,0
UA20961,37680,1,1
UA21299,37680,1,1
UA20368,37740,1,0
UA20980,37740,1,0
UA20371,37740,1,1
UA20507,37740,1,1
UA20784,37740,1,1
UA20889,529,1,2
UA20889,589,1,3
UA20677,1282,1,2
UA20677,1342,1,3
UA10812,3287,1,2
UA10812,3347,1,3
UA20961,4299,1,2
UA20961,4359,1,3
UA10677,5623,1,2
UA10677,5683,1,3
UA10496,6050,1,2
UA10496,6110,1,3
UA10997,6194,1,2
UA20784,6218,1,2
UA10997,6254,1,3
UA20784,6278,1,3
UA10590,6417,1,2
UA10590,6477,1,3
UA21299,6811,1,2
UA21299,6871,1,3
UA10675,9330,1,2
UA10675,9390,1,3
UA20507,10367,1,2
UA20507,10427,1,3
UA11024,11371,1,2
UA11024,11431,1,3
UA10044,11824,1,2
UA10044,11884,1,3
UA20190,37800,1,0
UA20385,37800,1,0
UA20689,37800,1,0
UA21111,37800,1,0
UA20368,37800,1,1
UA20980,37800,1,1
UA20209,37860,1,0
UA20228,37860,1,0
UA20942,37860,1,0
UA21117,37860,1,0
UA20190,37860,1,1
UA20385,37860,1,1
UA20689,37860,1,1
UA21111,37860,1,1
UA20032,37920,1,0
UA20191,37920,1,0
UA20311,37920,1,0
UA20532,37920,1,0
UA20612,37920,1,0
UA21112,37920,1,0
UA21238,37920,1,0
UA20209,37920,1,1
UA20228,37920,1,1
UA20942,37920,1,1
UA21117,37920,1,1
UA20211,37980,1,0
UA20404,37980,1,0
UA20502,37980,1,0
UA20723,37980,1,0
UA20959,37980,1,0
UA21161,37980,1,0
UA20032,37980,1,1
UA20191,37980,1,1
UA20311,37980,1,1
UA20532,37980,1,1
UA20612,37980,1,1
UA21112,37980,1,1
UA21238,37980,1,1
UA20561,38040,1,0
UA21052,38040,1,0
UA21192,38040,1,0
UA20211,38040,1,1
UA20404,38040,1,1
UA20502,38040,1,1
UA20723,38040,1,1
UA20959,38040,1,1
UA21161,38040,1,1
UA11345,2937,1,2
UA11345,2997,1,3
UA10965,3783,1,2
UA10965,3843,1,3
UA10341,4500,1,2
UA10341,4560,1,3
UA21161,5139,1,2
UA21161,5199,1,3
UA10537,5368,1,2
UA10537,5428,1,3
UA10314,5808,1,2
UA10314,5868,1,3
UA21238,6483,1,2
UA21238,6543,1,3
UA20502,7603,1,2
UA20502,7663,1,3
UA20942,8705,1,2
UA20959,8763,1,2
UA20942,8765,1,3
UA20959,8823,1,3
UA20385,9668,1,2
UA20385,9728,1,3
UA10416,9927,1,2
UA10416,9987,1,3
UA20368,12636,1,2
UA20368,12696,1,3
UA11247,13228,1,2
UA11247,13288,1,3
UA10197,14234,1,2
UA10197,14294,1,3
UA20265,38100,1,0
UA20333,38100,1,0
UA20828,38100,1,0
UA21141,38100,1,0
UA20561,38100,1,1
UA21052,38100,1,1
UA21192,38100,1,1
UA20193,38160,1,0
UA20355,38160,1,0
UA20438,38160,1,0
UA20611,38160,1,0
UA20668,38160,1,0
UA20791,38160,1,0
UA20265,38160,1,1
UA20333,38160,1,1
UA20828,38160,1,1
UA21141,38160,1,1
UA20298,38220,1,0
UA20716,38220,1,0
UA20975,38220,1,0
UA21155,38220,1,0
UA20193,38220,1,1
UA20355,38220,1,1
UA20438,38220,1,1
UA20611,38220,1,1
UA20668,38220,1,1
UA20791,38220,1,1
UA20207,38280,1,0
UA20551,38280,1,0
UA20746,38280,1,0
UA20823,38280,1,0
UA20853,38280,1,0
UA21020,38280,1,0
UA21104,38280,1,0
UA20298,38280,1,1
UA20716,38280,1,1
UA20975,38280,1,1
UA21155,38280,1,1
UA20207,38340,1,1
UA20551,38340,1,1
UA20746,38340,1,1
UA20823,38340,1,1
UA20853,38340,1,1
UA21020,38340,1,1
UA21104,38340,1,1
UA20853,556,1,2
UA20853,616,1,3
UA10275,2743,1,2
UA10804,2758,1,2
UA10275,2803,1,3
UA10804,2818,1,3
UA11276,2974,1,2
UA11276,3034,1,3
UA10397,3672,1,2
UA10397,3732,1,3
UA21052,3810,1,2
UA21052,3870,1,3
UA10289,3993,1,2
UA10289,4053,1,3
UA10322,4054,1,2
UA10322,4114,1,3
UA10338,4179,1,2
UA10338,4239,1,3
UA20438,5258,1,2
UA20438,5318,1,3
UA20355,6120,1,2
UA20355,6180,1,3
UA20668,6981,1,2
UA20668,7041,1,3
UA20333,7986,1,2
UA20333,8046,1,3
UA10968,9297,1,2
UA10968,9357,1,3
UA20791,11178,1,2
UA20791,11238,1,3
UA10632,11807,1,2
UA21141,11817,1,2
UA10632,11867,1,3
UA21141,11877,1,3
UA20561,11980,1,2
UA20561,12040,1,3
UA20265,12152,1,2
UA20265,12212,1,3
UA21192,12414,1,2
UA21192,12474,1,3
UA20298,15277,10,2
UA20298,15337,1,3
UA11170,16771,10,2
UA11170,16831,1,3
UA20079,38400,1,0
UA20280,38400,1,0
UA20949,38400,1,0
UA21200,38400,1,0
UA20018,38460,1,0
UA20362,38460,1,0
UA20527,38460,1,0
UA20881,38460,1,0
UA20938,38460,1,0
UA21037,38460,1,0
UA21108,38460,1,0
UA21205,38460,1,0
UA20079,38460,1,1
UA20280,38460,1,1
UA20949,38460,1,1
UA21200,38460,1,1
UA20447,38520,1,0
UA20838,38520,1,0
UA21032,38520,1,0
UA20018,38520,1,1
UA20362,38520,1,1
UA20527,38520,1,1
UA20881,38520,1,1
UA20938,38520,1,1
UA21037,38520,1,1
UA21108,38520,1,1
UA21205,38520,1,1
UA20276,38580,1,0
UA21219,38580,1,0
UA20447,38580,1,1
UA20838,38580,1,1
UA21032,38580,1,1
UA20164,38640,1,0
UA20254,38640,1,0
UA20290,38640,1,0
UA20292,38640,1,0
UA20419,38640,1,0
UA20276,38640,1,1
UA21219,38640,1,1
UA20290,38641,1,0
UA20292,38641,1,0
UA11044,1576,1,2
UA11044,1636,1,3
UA10548,4003,1,2
UA10548,4063,1,3
UA11131,5949,1,2
UA11131,6009,1,3
UA20938,7150,1,2
UA20938,7210,1,3
UA10300,8705,1,2
UA10300,8765,1,3
UA10061,9070,1,2
UA10061,9130,1,3
UA21037,9868,1,2
UA10432,9883,1,2
UA21037,9928,1,3
UA10432,9943,1,3
UA20447,10807,1,2
UA20447,10867,1,3
UA10177,11907,1,2
UA10177,11967,1,3
UA20527,12066,1,2
UA20527,12126,1,3
UA21108,12414,1,2
UA21108,12474,1,3
UA20079,12585,1,2
UA20079,12645,1,3
UA10000,13036,1,2
UA10000,13096,1,3
UA11144,13226,1,2
UA11144,13286,1,3
UA20280,15123,10,2
UA20280,15183,1,3
UA20559,38700,1,0
UA20842,38700,1,0
UA20164,38700,1,1
UA20254,38700,1,1
UA20419,38700,1,1
UA20292,38701,1,0
UA20290,38701,1,1
UA20108,38760,1,0
UA20929,38760,1,0
UA20559,38760,1,1
UA20842,38760,1,1
UA20292,38761,1,1
UA20210,38820,1,0
UA20108,38820,1,1
UA20929,38820,1,1
UA20051,38880,1,0
UA20087,38880,1,0
UA20266,38880,1,0
UA20210,38880,1,1
UA20460,38940,1,0
UA20051,38940,1,1
UA20087,38940,1,1
UA20266,38940,1,1
UA10476,2029,1,2
UA10476,2089,1,3
UA11249,2173,1,2
UA11249,2233,1,3
UA20087,2970,1,2
UA20087,3030,1,3
UA20108,4009,1,2
UA20108,4069,1,3
UA20929,4299,1,2
UA20929,4359,1,3
UA10493,5168,1,2
UA10493,5228,1,3
UA20842,6244,1,2
UA20842,6304,1,3
UA11186,6902,1,2
UA11186,6962,1,3
UA20164,9050,1,2
UA10062,9070,1,2
UA20164,9110,1,3
UA10062,9130,1,3
UA11206,9228,1,2
UA11206,9288,1,3
UA10485,9408,1,2
UA10485,9468,1,3
UA20559,11980,1,2
UA20559,12040,1,3
UA20210,12720,1,2
UA20210,12780,1,3
UA20290,13425,1,2
UA20290,13485,1,3
UA10654,13969,1,2
UA10654,14029,1,3
UA20051,15116,10,2
UA20051,15176,1,3
UA20060,39000,1,0
UA20994,39000,1,0
UA21091,39000,1,0
UA20460,39000,1,1
UA20093,39060,1,0
UA21134,39060,1,0
UA20060,39060,1,1
UA20994,39060,1,1
UA21091,39060,1,1
UA20159,39120,1,0
UA20294,39120,1,0
UA20622,39120,1,0
UA21201,39120,1,0
UA20093,39120,1,1
UA21134,39120,1,1
UA20429,39180,1,0
UA20159,39180,1,1
UA20294,39180,1,1
UA20622,39180,1,1
UA21201,39180,1,1
UA20173,39240,1,0
UA20251,39240,1,0
UA20814,39240,1,0
UA20848,39240,1,0
UA20890,39240,1,0
UA20976,39240,1,0
UA21005,39240,1,0
UA21250,39240,1,0
UA20429,39240,1,1
UA10518,2325,1,2
UA10518,2385,1,3
UA20093,3380,1,2
UA20093,3440,1,3
UA20994,3496,1,2
UA11258,3505,1,2
UA20994,3556,1,3
UA11258,3565,1,3
UA21091,4500,1,2
UA21091,4560,1,3
UA10449,6273,1,2
UA10449,6333,1,3
UA20622,6769,1,2
UA20622,6829,1,3
UA10388,7334,1,2
UA10388,7394,1,3
UA10891,9107,1,2
UA10891,9167,1,3
UA21134,10603,1,2
UA21134,10663,1,3
UA10072,11423,1,2
UA10072,11483,1,3
UA11250,11634,1,2
UA11223,11634,1,2
UA11250,11694,1,3
UA11223,11694,1,3
UA10667,12276,1,2
UA10667,12336,1,3
UA21201,12811,1,2
UA21201,12871,1,3
UA20294,17209,10,2
UA20294,17269,1,3
UA21190,39300,1,0
UA21234,39300,1,0
UA20173,39300,1,1
UA20251,39300,1,1
UA20814,39300,1,1
UA20848,39300,1,1
UA20890,39300,1,1
UA20976,39300,1,1
UA21005,39300,1,1
UA21250,39300,1,1
UA20347,39360,1,0
UA20679,39360,1,0
UA21190,39360,1,1
UA21234,39360,1,1
UA20347,39420,1,1
UA20679,39420,1,1
UA20546,39480,1,0
UA20676,39480,1,0
UA20789,39480,1,0
UA20819,39480,1,0
UA20944,39480,1,0
UA21055,39480,1,0
UA21268,39480,1,0
UA20019,39540,1,0
UA20481,39540,1,0
UA20490,39540,1,0
UA20546,39540,1,1
UA20676,39540,1,1
UA20789,39540,1,1
UA20819,39540,1,1
UA20944,39540,1,1
UA21055,39540,1,1
UA21268,39540,1,1
UA20347,703,1,2
UA20347,763,1,3
UA10737,3149,1,2
UA10737,3209,1,3
UA11290,4025,1,2
UA11290,4085,1,3
UA10808,4258,1,2
UA10808,4318,1,3
UA10467,4323,1,2
UA10467,4383,1,3
UA10460,4490,1,2
UA10460,4550,1,3
UA10301,4727,1,2
UA10301,4787,1,3
UA10011,4797,1,2
UA10011,4857,1,3
UA11257,5374,1,2
UA11257,5434,1,3
UA10436,6324,1,2
UA10436,6384,1,3
UA20814,6723,1,2
UA20814,6783,1,3
UA10088,7970,1,2
UA10088,8030,1,3
UA10339,8763,1,2
UA10339,8823,1,3
UA20679,9522,1,2
UA20679,9582,1,3
UA10427,9883,1,2
UA21250,9906,1,2
UA10427,9943,1,3
UA21250,9966,1,3
UA20251,12720,1,2
UA20251,12780,1,3
UA10878,15047,10,2
UA10878,15107,1,3
UA11174,16771,10,2
UA11174,16831,1,3
UA21234,18140,10,2
UA21234,18200,1,3
UA20904,39600,1,0
UA21118,39600,1,0
UA21166,39600,1,0
UA20019,39600,1,1
UA20481,39600,1,1
UA20490,39600,1,1
UA20920,39660,1,0
UA21169,39660,1,0
UA20904,39660,1,1
UA21118,39660,1,1
UA21166,39660,1,1
UA20208,39720,1,0
UA20284,39720,1,0
UA20610,39720,1,0
UA20681,39720,1,0
UA20782,39720,1,0
UA20902,39720,1,0
UA21164,39720,1,0
UA20920,39720,1,1
UA21169,39720,1,1
UA20104,39780,1,0
UA20196,39780,1,0
UA20598,39780,1,0
UA20208,39780,1,1
UA20284,39780,1,1
UA20610,39780,1,1
UA20681,39780,1,1
UA20782,39780,1,1
UA20902,39780,1,1
UA21164,39780,1,1
UA20518,39840,1,0
UA20731,39840,1,0
UA20749,39840,1,0
UA20845,39840,1,0
UA21036,39840,1,0
UA21042,39840,1,0
UA21051,39840,1,0
UA21066,39840,1,0
UA20104,39840,1,1
UA20196,39840,1,1
UA20598,39840,1,1
UA11111,2018,1,2
UA11134,2018,1,2
UA11111,2078,1,3
UA11134,2078,1,3
UA21164,2145,1,2
UA21169,2255,1,2
UA21169,2315,1,3
UA11092,2570,1,2
UA11092,2630,1,3
UA20019,2970,1,2
UA20019,3030,1,3
UA10980,3087,1,2
UA10980,3147,1,3
UA11022,3678,1,2
UA11022,3738,1,3
UA10372,4054,1,2
UA10372,4114,1,3
UA20920,4500,1,2
UA10513,5098,1,2
UA10513,5158,1,3
UA20104,5386,1,2
UA20104,5446,1,3
UA10633,6109,1,2
UA11200,6115,1,2
UA10633,6169,1,3
UA11200,6175,1,3
UA10641,7386,1,2
UA10641,7446,1,3
UA20598,8652,1,2
UA10284,9579,1,2
UA10284,9639,1,3
UA20481,10299,1,2
UA20481,10359,1,3
UA11286,13907,1,2
UA11286,13967,1,3
UA20681,15175,10,2
UA20681,15235,1,3
UA20036,39900,1,0
UA20302,39900,1,0
UA20312,39900,1,0
UA21076,39900,1,0
UA21229,39900,1,0
UA20518,39900,1,1
UA20731,39900,1,1
UA20749,39900,1,1
UA20845,39900,1,1
UA21036,39900,1,1
UA21042,39900,1,1
UA21051,39900,1,1
UA21066,39900,1,1
UA21076,39901,1,0
UA20920,39901,1,2
UA21164,39901,1,2
UA20598,39901,1,2
UA20373,39960,1,0
UA20748,39960,1,0
UA21014,39960,1,0
UA21281,39960,1,0
UA20036,39960,1,1
UA20302,39960,1,1
UA20312,39960,1,1
UA21229,39960,1,1
UA21076,39961,1,1
UA20920,39961,1,3
UA21164,39961,1,3
UA20598,39961,1,3
UA20310,40020,1,0
UA20444,40020,1,0
UA20491,40020,1,0
UA20577,40020,1,0
UA20807,40020,1,0
UA21028,40020,1,0
UA21067,40020,1,0
UA21285,40020,1,0
UA20373,40020,1,1
UA20748,40020,1,1
UA21014,40020,1,1
UA21281,40020,1,1
UA20149,40080,1,0
UA20822,40080,1,0
UA20937,40080,1,0
UA20956,40080,1,0
UA21167,40080,1,0
UA20310,40080,1,1
UA20444,40080,1,1
UA20491,40080,1,1
UA20577,40080,1,1
UA20807,40080,1,1
UA21028,40080,1,1
UA21067,40080,1,1
UA21285,40080,1,1
UA20871,40140,1,0
UA21203,40140,1,0
UA20149,40140,1,1
UA20822,40140,1,1
UA20937,40140,1,1
UA20956,40140,1,1
UA21167,40140,1,1
UA11079,1385,1,2
UA11079,1445,1,3
UA10971,2191,1,2
UA10971,2251,1,3
UA20036,2480,1,2
UA20036,2540,1,3
UA11039,3232,1,2
UA11039,3292,1,3
UA10262,3509,1,2
UA10262,3569,1,3
UA21076,3818,1,2
UA21014,3818,1,2
UA20749,3849,1,2
UA21076,3878,1,3
UA21014,3878,1,3
UA20749,3909,1,3
UA20748,3945,1,2
UA20748,4005,1,3
UA21042,4344,1,2
UA21042,4404,1,3
UA20845,5618,1,2
UA20845,5678,1,3
UA20807,6244,1,2
UA10895,6255,1,2
UA10439,6273,1,2
UA20807,6304,1,3
UA10895,6315,1,3
UA10439,6333,1,3
UA11155,7249,1,2
UA11155,7309,1,3
UA20149,7464,1,2
UA20149,7524,1,3
UA11230,8654,1,2
UA11230,8714,1,3
UA20444,9050,1,2
UA20444,9110,1,3
UA20937,9972,1,2
UA20937,10032,1,3
UA20518,10156,1,2
UA20518,10216,1,3
UA20822,12152,1,2
UA20822,12212,1,3
UA10064,12343,1,2
UA10064,12403,1,3
UA10051,14205,1,2
UA10051,14265,1,3
UA21229,15161,10,2
UA21229,15221,1,3
UA10811,15297,10,2
UA10811,15357,1,3
UA20484,40200,1,0
UA20579,40200,1,0
UA21065,40200,1,0
UA21207,40200,1,0
UA21294,40200,1,0
UA20871,40200,1,1
UA21203,40200,1,1
UA20422,40260,1,0
UA20484,40260,1,1
UA20579,40260,1,1
UA21065,40260,1,1
UA21207,40260,1,1
UA21294,40260,1,1
UA20512,40320,1,0
UA20811,40320,1,0
UA21218,40320,1,0
UA20422,40320,1,1
UA20248,40380,1,0
UA20952,40380,1,0
UA21045,40380,1,0
UA21206,40380,1,0
UA20512,40380,1,1
UA20811,40380,1,1
UA21218,40380,1,1
UA20015,40440,1,0
UA20392,40440,1,0
UA20479,40440,1,0
UA20596,40440,1,0
UA20682,40440,1,0
UA20725,40440,1,0
UA20796,40440,1,0
UA20847,40440,1,0
UA20248,40440,1,1
UA20952,40440,1,1
UA21045,40440,1,1
UA21206,40440,1,1
UA10892,1090,1,2
UA10892,1150,1,3
UA10733,1277,1,2
UA10733,1337,1,3
UA10540,3402,1,2
UA10562,3402,1,2
UA10540,3462,1,3
UA10562,3462,1,3
UA10355,3849,1,2
UA10355,3909,1,3
UA10772,4230,1,2
UA10772,4290,1,3
UA20422,5981,1,2
UA20422,6041,1,3
UA20811,6177,1,2
UA20952,6189,1,2
UA20952,6249,1,3
UA10711,7108,1,2
UA10711,7168,1,3
UA20579,11797,1,2
UA20579,11857,1,3
UA21207,12811,1,2
UA21207,12871,1,3
UA10082,12967,1,2
UA10082,13027,1,3
UA10827,15047,10,2
UA10827,15107,1,3
UA21218,18140,10,2
UA21218,18200,1,3
UA20925,40500,1,0
UA21187,40500,1,0
UA20015,40500,1,1
UA20392,40500,1,1
UA20479,40500,1,1
UA20596,40500,1,1
UA20682,40500,1,1
UA20725,40500,1,1
UA20796,40500,1,1
UA20847,40500,1,1
UA20811,40501,1,2
UA20174,40560,1,0
UA20229,40560,1,0
UA20332,40560,1,0
UA20659,40560,1,0
UA20925,40560,1,1
UA21187,40560,1,1
UA20811,40561,1,3
UA20446,40620,1,0
UA20485,40620,1,0
UA20779,40620,1,0
UA20827,40620,1,0
UA20174,40620,1,1
UA20229,40620,1,1
UA20332,40620,1,1
UA20659,40620,1,1
UA20308,40680,1,0
UA20464,40680,1,0
UA20576,40680,1,0
UA20446,40680,1,1
UA20485,40680,1,1
UA20779,40680,1,1
UA20827,40680,1,1
UA20122,40740,1,0
UA20267,40740,1,0
UA20365,40740,1,0
UA20880,40740,1,0
UA20970,40740,1,0
UA21243,40740,1,0
UA20308,40740,1,1
UA20464,40740,1,1
UA20576,40740,1,1
UA10003,2163,1,2
UA10003,2223,1,3
UA11342,3939,1,2
UA11342,3999,1,3
UA10500,4003,1,2
UA10500,4063,1,3
UA11179,5054,1,2
UA11179,5114,1,3
UA11013,5210,1,2
UA11013,5270,1,3
UA20725,5378,1,2
UA20332,5378,1,2
UA20725,5438,1,3
UA20332,5438,1,3
UA20174,6244,1,2
UA20174,6304,1,3
UA21187,7175,1,2
UA21187,7235,1,3
UA11154,7249,1,2
UA20659,7278,1,2
UA11154,7309,1,3
UA20659,7338,1,3
UA11291,8238,1,2
UA11291,8298,1,3
UA11183,13894,1,2
UA11183,13954,1,3
UA20015,14321,10,2
UA20015,14381,1,3
UA10043,14755,10,2
UA10043,14815,1,3
UA20705,40800,1,0
UA20122,40800,1,1
UA20267,40800,1,1
UA20365,40800,1,1
UA20880,40800,1,1
UA20970,40800,1,1
UA21243,40800,1,1
UA20271,40860,1,0
UA20359,40860,1,0
UA20705,40860,1,1
UA20271,40920,1,1
UA20359,40920,1,1
UA20006,40980,1,0
UA20172,40980,1,0
UA20376,40980,1,0
UA20306,41040,1,0
UA20006,41040,1,1
UA20172,41040,1,1
UA20376,41040,1,1
UA10401,2292,1,2
UA10401,2352,1,3
UA20970,3542,1,2
UA20970,3602,1,3
UA11332,3763,1,2
UA11332,3823,1,3
UA10426,4275,1,2
UA10426,4335,1,3
UA20172,6559,1,2
UA20172,6619,1,3
UA20376,7018,1,2
UA20376,7078,1,3
UA10865,8003,1,2
UA10865,8063,1,3
UA20122,8615,1,2
UA20122,8675,1,3
UA10086,9294,1,2
UA10086,9354,1,3
UA11349,9405,1,2
UA11349,9465,1,3
UA20880,9767,1,2
UA20880,9827,1,3
UA10602,13243,1,2
UA10602,13303,1,3
UA20039,41100,1,0
UA20102,41100,1,0
UA20234,41100,1,0
UA20896,41100,1,0
UA20897,41100,1,0
UA21230,41100,1,0
UA21248,41100,1,0
UA20306,41100,1,1
UA20033,41160,1,0
UA20231,41160,1,0
UA20616,41160,1,0
UA20968,41160,1,0
UA20039,41160,1,1
UA20102,41160,1,1
UA20234,41160,1,1
UA20896,41160,1,1
UA20897,41160,1,1
UA21230,41160,1,1
UA21248,41160,1,1
UA20194,41220,1,0
UA20744,41220,1,0
UA20824,41220,1,0
UA20033,41220,1,1
UA20231,41220,1,1
UA20616,41220,1,1
UA20968,41220,1,1
UA20372,41280,1,0
UA20600,41280,1,0
UA20783,41280,1,0
UA21114,41280,1,0
UA21124,41280,1,0
UA20194,41280,1,1
UA20744,41280,1,1
UA20824,41280,1,1
UA20080,41340,1,0
UA20440,41340,1,0
UA20703,41340,1,0
UA20803,41340,1,0
UA20372,41340,1,1
UA20600,41340,1,1
UA20783,41340,1,1
UA21114,41340,1,1
UA21124,41340,1,1
UA10775,1959,1,2
UA10775,2019,1,3
UA11367,2457,1,2
UA11367,2517,1,3
UA10998,2619,1,2
UA10998,2679,1,3
UA11317,3939,1,2
UA20231,3978,1,2
UA10206,3993,1,2
UA11317,3999,1,3
UA11323,4001,1,2
UA20231,4038,1,3
UA10206,4053,1,3
UA11323,4061,1,3
UA11389,4282,1,2
UA11389,4342,1,3
UA20968,4613,1,2
UA20968,4673,1,3
UA20824,5429,1,2
UA20824,5489,1,3
UA20234,6438,1,2
UA20234,6498,1,3
UA20372,6680,1,2
UA20372,6740,1,3
UA20783,6919,1,2
UA20783,6979,1,3
UA11176,8664,1,2
UA11176,8724,1,3
UA20102,10299,1,2
UA20102,10359,1,3
UA20306,13435,1,2
UA20306,13495,1,3
UA20033,16100,10,2
UA20033,16160,1,3
UA20084,41400,1,0
UA20216,41400,1,0
UA20380,41400,1,0
UA20473,41400,1,0
UA20570,41400,1,0
UA20080,41400,1,1
UA20440,41400,1,1
UA20703,41400,1,1
UA20803,41400,1,1
UA20028,41460,1,0
UA20273,41460,1,0
UA20346,41460,1,0
UA20702,41460,1,0
UA20747,41460,1,0
UA20999,41460,1,0
UA21008,41460,1,0
UA20084,41460,1,1
UA20216,41460,1,1
UA20380,41460,1,1
UA20473,41460,1,1
UA20570,41460,1,1
UA20002,41520,1,0
UA20282,41520,1,0
UA20517,41520,1,0
UA20693,41520,1,0
UA20946,41520,1,0
UA20028,41520,1,1
UA20273,41520,1,1
UA20346,41520,1,1
UA20702,41520,1,1
UA20747,41520,1,1
UA20999,41520,1,1
UA21008,41520,1,1
UA20269,41580,1,0
UA21094,41580,1,0
UA20002,41580,1,1
UA20282,41580,1,1
UA20517,41580,1,1
UA20693,41580,1,1
UA20946,41580,1,1
UA20620,41640,1,0
UA20649,41640,1,0
UA21034,41640,1,0
UA20269,41640,1,1
UA21094,41640,1,1
UA10207,2677,1,2
UA10207,2737,1,3
UA10138,3319,1,2
UA10138,3379,1,3
UA20702,3945,1,2
UA20702,4005,1,3
UA10040,4797,1,2
UA10588,4853,1,2
UA10040,4857,1,3
UA10588,4913,1,3
UA11001,4960,1,2
UA11001,5020,1,3
UA20747,5119,1,2
UA10457,5168,1,2
UA20747,5179,1,3
UA10457,5228,1,3
UA20440,5271,1,2
UA20440,5331,1,3
UA10407,5512,1,2
UA20473,5538,1,2
UA10407,5572,1,3
UA20473,5598,1,3
UA20946,5981,1,2
UA20946,6041,1,3
UA10499,6324,1,2
UA10499,6384,1,3
UA20803,6400,1,2
UA20803,6460,1,3
UA10760,7108,1,2
UA10760,7168,1,3
UA11378,7868,1,2
UA11378,7928,1,3
UA11287,8356,1,2
UA11287,8416,1,3
UA10945,9290,1,2
UA10945,9350,1,3
UA10087,9763,1,2
UA10087,9823,1,3
UA20216,11568,1,2
UA20216,11628,1,3
UA10045,11824,1,2
UA10045,11884,1,3
UA10809,14581,10,2
UA10809,14641,1,3
UA20201,41700,1,0
UA20480,41700,1,0
UA20711,41700,1,0
UA20876,41700,1,0
UA20620,41700,1,1
UA20649,41700,1,1
UA21034,41700,1,1
UA20000,41760,1,0
UA20618,41760,1,0
UA21056,41760,1,0
UA20201,41760,1,1
UA20480,41760,1,1
UA20711,41760,1,1
UA20876,41760,1,1
UA20118,41820,1,0
UA20798,41820,1,0
UA20954,41820,1,0
UA20000,41820,1,1
UA20618,41820,1,1
UA21056,41820,1,1
UA20029,41880,1,0
UA20184,41880,1,0
UA20224,41880,1,0
UA20555,41880,1,0
UA20788,41880,1,0
UA21068,41880,1,0
UA21244,41880,1,0
UA20118,41880,1,1
UA20798,41880,1,1
UA20954,41880,1,1
UA20125,41940,1,0
UA20488,41940,1,0
UA20029,41940,1,1
UA20184,41940,1,1
UA20224,41940,1,1
UA20555,41940,1,1
UA20788,41940,1,1
UA21068,41940,1,1
UA21244,41940,1,1
UA10212,2097,1,2
UA10212,2157,1,3
UA10370,3112,1,2
UA10370,3172,1,3
UA20029,3380,1,2
UA20029,3440,1,3
UA11396,3703,1,2
UA11396,3763,1,3
UA11150,5054,1,2
UA11150,5114,1,3
UA20876,6393,1,2
UA20620,6400,1,2
UA20876,6453,1,3
UA20620,6460,1,3
UA10907,6939,1,2
UA10907,6999,1,3
UA10766,7108,1,2
UA10766,7168,1,3
UA10961,7310,1,2
UA10961,7370,1,3
UA10803,7618,1,2
UA10803,7678,1,3
UA10914,8495,1,2
UA10914,8555,1,3
UA20711,8652,1,2
UA20711,8712,1,3
UA10264,10050,1,2
UA10264,10110,1,3
UA20555,10603,1,2
UA20555,10663,1,3
UA20788,11616,1,2
UA20788,11676,1,3
UA21034,12683,1,2
UA21034,12743,1,3
UA20480,14223,1,2
UA20480,14283,1,3
UA20201,14309,10,2
UA20201,14369,1,3
UA21244,15941,10,2
UA21244,16001,1,3
UA20259,42000,1,0
UA20580,42000,1,0
UA20617,42000,1,0
UA20125,42000,1,1
UA20488,42000,1,1
UA20053,42060,1,0
UA20465,42060,1,0
UA20861,42060,1,0
UA21011,42060,1,0
UA21195,42060,1,0
UA20259,42060,1,1
UA20580,42060,1,1
UA20617,42060,1,1
UA20085,42120,1,0
UA20606,42120,1,0
UA20911,42120,1,0
UA21260,42120,1,0
UA20053,42120,1,1
UA20465,42120,1,1
UA20861,42120,1,1
UA21011,42120,1,1
UA21195,42120,1,1
UA20143,42180,1,0
UA20153,42180,1,0
UA20556,42180,1,0
UA20932,42180,1,0
UA20085,42180,1,1
UA20606,42180,1,1
UA20911,42180,1,1
UA21260,42180,1,1
UA20055,42240,1,0
UA20203,42240,1,0
UA20521,42240,1,0
UA20685,42240,1,0
UA20740,42240,1,0
UA20810,42240,1,0
UA20899,42240,1,0
UA20964,42240,1,0
UA21054,42240,1,0
UA20143,42240,1,1
UA20153,42240,1,1
UA20556,42240,1,1
UA20932,42240,1,1
UA10019,1883,1,2
UA10019,1943,1,3
UA10582,2845,1,2
UA10582,2905,1,3
UA20085,3380,1,2
UA20085,3440,1,3
UA10871,3740,1,2
UA11373,3763,1,2
UA10871,3800,1,3
UA11373,3823,1,3
UA10254,4115,1,2
UA10254,4175,1,3
UA20932,4613,1,2
UA20932,4673,1,3
UA10515,5098,1,2
UA10515,5158,1,3
UA20911,6101,1,2
UA20911,6161,1,3
UA20143,7018,1,2
UA20143,7078,1,3
UA20125,7464,1,2
UA20125,7524,1,3
UA20617,10003,1,2
UA20617,10063,1,3
UA20465,10287,1,2
UA20465,10347,1,3
UA10744,11479,1,2
UA10744,11539,1,3
UA10175,12756,1,2
UA10175,12816,1,3
UA10623,13779,1,2
UA10623,13839,1,3
UA11242,13907,1,2
UA11242,13967,1,3
UA11311,15931,10,2
UA11311,15991,1,3
UA20909,42300,1,0
UA21129,42300,1,0
UA21173,42300,1,0
UA21255,42300,1,0
UA20055,42300,1,1
UA20203,42300,1,1
UA20521,42300,1,1
UA20685,42300,1,1
UA20740,42300,1,1
UA20810,42300,1,1
UA20899,42300,1,1
UA20964,42300,1,1
UA21054,42300,1,1
UA20076,42360,1,0
UA20162,42360,1,0
UA20183,42360,1,0
UA20652,42360,1,0
UA20728,42360,1,0
UA20909,42360,1,1
UA21129,42360,1,1
UA21173,42360,1,1
UA21255,42360,1,1
UA20101,42420,1,0
UA20275,42420,1,0
UA20475,42420,1,0
UA20494,42420,1,0
UA20545,42420,1,0
UA21197,42420,1,0
UA20076,42420,1,1
UA20162,42420,1,1
UA20183,42420,1,1
UA20652,42420,1,1
UA20728,42420,1,1
UA20101,42421,1,0
UA20158,42480,1,0
UA20756,42480,1,0
UA21227,42480,1,0
UA20275,42480,1,1
UA20475,42480,1,1
UA20494,42480,1,1
UA20545,42480,1,1
UA21197,42480,1,1
UA20101,42481,1,1
UA20030,42540,1,0
UA20156,42540,1,0
UA20743,42540,1,0
UA20918,42540,1,0
UA21261,42540,1,0
UA20158,42540,1,1
UA20756,42540,1,1
UA21227,42540,1,1
UA10600,1752,1,2
UA10600,1812,1,3
UA10186,3323,1,2
UA10186,3383,1,3
UA20521,4336,1,2
UA20521,4396,1,3
UA20475,4894,1,2
UA20475,4954,1,3
UA20494,5005,1,2
UA20494,5065,1,3
UA20203,5386,1,2
UA20203,5446,1,3
UA21197,5569,1,2
UA21197,5629,1,3
UA10790,5946,1,2
UA10790,6006,1,3
UA21255,6171,1,2
UA20055,6189,1,2
UA21255,6231,1,3
UA20055,6249,1,3
UA20964,6283,1,2
UA20964,6343,1,3
UA20810,6559,1,2
UA20810,6619,1,3
UA20162,6811,1,2
UA20162,6871,1,3
UA11140,6902,1,2
UA20076,6919,1,2
UA11140,6962,1,3
UA20076,6979,1,3
UA10609,7386,1,2
UA10609,7446,1,3
UA10993,8739,1,2
UA10993,8799,1,3
UA20158,8896,1,2
UA20158,8956,1,3
UA11227,9848,1,2
UA11227,9908,1,3
UA11034,9992,1,2
UA11034,10052,1,3
UA20101,10808,1,2
UA20101,10868,1,3
UA21173,12066,1,2
UA21173,12126,1,3
UA11161,13804,1,2
UA11161,13864,1,3
UA11127,13894,1,2
UA11127,13954,1,3
UA20652,15123,10,2
UA20652,15183,1,3
UA20654,42600,1,0
UA20030,42600,1,1
UA20156,42600,1,1
UA20743,42600,1,1
UA20918,42600,1,1
UA21261,42600,1,1
UA20325,42660,1,0
UA20575,42660,1,0
UA20969,42660,1,0
UA21046,42660,1,0
UA21252,42660,1,0
UA20654,42660,1,1
UA20398,42720,1,0
UA20574,42720,1,0
UA20786,42720,1,0
UA20836,42720,1,0
UA20930,42720,1,0
UA21174,42720,1,0
UA20325,42720,1,1
UA20575,42720,1,1
UA20969,42720,1,1
UA21046,42720,1,1
UA21252,42720,1,1
UA20012,42780,1,0
UA20034,42780,1,0
UA20046,42780,1,0
UA20109,42780,1,0
UA20124,42780,1,0
UA20357,42780,1,0
UA20497,42780,1,0
UA20691,42780,1,0
UA20398,42780,1,1
UA20574,42780,1,1
UA20786,42780,1,1
UA20836,42780,1,1
UA20930,42780,1,1
UA21174,42780,1,1
UA20735,42840,1,0
UA20924,42840,1,0
UA21284,42840,1,0
UA20012,42840,1,1
UA20034,42840,1,1
UA20109,42840,1,1
UA20124,42840,1,1
UA20357,42840,1,1
UA20497,42840,1,1
UA20691,42840,1,1
UA20046,42841,1,0
UA20497,1127,1,2
UA20497,1187,1,3
UA11312,1422,1,2
UA11312,1482,1,3
UA10008,1978,1,2
UA10008,2038,1,3
UA11035,3235,1,2
UA11035,3295,1,3
UA20786,3849,1,2
UA20786,3909,1,3
UA20918,4043,1,2
UA20918,4103,1,3
UA21174,4299,1,2
UA10414,4323,1,2
UA21174,4359,1,3
UA10414,4383,1,3
UA10456,4509,1,2
UA10456,4569,1,3
UA11360,5040,1,2
UA11360,5100,1,3
UA20398,6120,1,2
UA20398,6180,1,3
UA20836,6393,1,2
UA20836,6453,1,3
UA20654,6981,1,2
UA20654,7041,1,3
UA20743,7238,1,2
UA20743,7298,1,3
UA20109,7464,1,2
UA20109,7524,1,3
UA11270,8238,1,2
UA11270,8298,1,3
UA11277,9848,1,2
UA11277,9908,1,3
UA20575,10093,1,2
UA20575,10153,1,3
UA20124,10299,1,2
UA20124,10359,1,3
UA20030,11980,1,2
UA20030,12040,1,3
UA20034,14321,10,2
UA20034,14381,1,3
UA20691,18140,10,2
UA20691,18200,1,3
UA20523,42900,1,0
UA20990,42900,1,0
UA21044,42900,1,0
UA20735,42900,1,1
UA20924,42900,1,1
UA21284,42900,1,1
UA20046,42901,1,1
UA20176,42960,1,0
UA20523,42960,1,1
UA20990,42960,1,1
UA21044,42960,1,1
UA20437,43020,1,0
UA20903,43020,1,0
UA20921,43020,1,0
UA21196,43020,1,0
UA20176,43020,1,1
UA20042,43080,1,0
UA20140,43080,1,0
UA20181,43080,1,0
UA20287,43080,1,0
UA20453,43080,1,0
UA21087,43080,1,0
UA20437,43080,1,1
UA20903,43080,1,1
UA20921,43080,1,1
UA21196,43080,1,1
UA20068,43140,1,0
UA20626,43140,1,0
UA20042,43140,1,1
UA20140,43140,1,1
UA20181,43140,1,1
UA20287,43140,1,1
UA20453,43140,1,1
UA21087,43140,1,1
UA10785,1959,1,2
UA10785,2019,1,3
UA11308,2581,1,2
UA11308,2641,1,3
UA10691,2942,1,2
UA20990,2963,1,2
UA10691,3002,1,3
UA20046,3015,1,2
UA20990,3023,1,3
UA20046,3075,1,3
UA10181,3094,1,2
UA20453,3128,1,2
UA10181,3154,1,3
UA20453,3188,1,3
UA21284,3978,1,2
UA20287,3978,1,2
UA21284,4038,1,3
UA20287,4038,1,3
UA10742,5567,1,2
UA10742,5627,1,3
UA10686,5815,1,2
UA10686,5875,1,3
UA20924,6283,1,2
UA20924,6343,1,3
UA20523,7377,1,2
UA20921,7398,1,2
UA20523,7437,1,3
UA20921,7458,1,3
UA20903,8342,1,2
UA20903,8402,1,3
UA20181,8896,1,2
UA20181,8956,1,3
UA10491,9883,1,2
UA10491,9943,1,3
UA20437,10287,1,2
UA20437,10347,1,3
UA10662,10617,1,2
UA10662,10677,1,3
UA20176,10808,1,2
UA20176,10868,1,3
UA20140,11383,1,2
UA20140,11443,1,3
UA10713,11479,1,2
UA10713,11539,1,3
UA11376,11900,1,2
UA10109,11907,1,2
UA11376,11960,1,3
UA10109,11967,1,3
UA10578,12024,1,2
UA10578,12084,1,3
UA21087,13425,1,2
UA21087,13485,1,3
UA11336,13999,1,2
UA11336,14059,1,3
UA20068,43200,1,1
UA20626,43200,1,1
UA10776,3911,1,2
UA10776,3971,1,3
UA20068,6501,1,2
UA20068,6561,1,3
UA20626,11530,1,2
UA20626,11590,1,3
UA11391,13326,1,2
UA11391,13386,1,3
